Name with Owner,Created Timestamp,Size,Stars Count,Language,Forks Count,Open Issues Count,Watchers Count,Contributors Count,Last Synced Timestamp,available,clone_date,developers_count,commit_count_after_introduction
plivo/plivo-php,2012-04-20 13:36:48+00:00,362,90,PHP,105,22,53,33,2020-01-06 11:56:36+00:00,True,2026-06-23 01:07:53.532419,100,726
benkeen/generatedata,2012-01-26 21:06:00+00:00,13533,1524,PHP,510,141,126,40,2019-11-14 03:31:12+00:00,True,2026-06-23 01:08:02.970614,55,1918
rinvex/universities,2017-01-05 14:02:00+00:00,7846,26,PHP,17,1,3,3,2019-11-23 07:15:12+00:00,True,2026-06-23 01:08:17.278684,7,161
afragen/github-updater,2013-07-07 20:44:47+00:00,9243,2422,PHP,373,9,112,48,2019-12-16 18:44:00+00:00,True,2026-06-23 01:08:29.069015,66,2461
silverstripe/silverstripe-userforms,2011-01-12 20:46:46+00:00,9378,132,PHP,211,53,26,125,2019-11-14 05:04:03+00:00,True,2026-06-23 01:08:36.132228,196,681
mylxsw/wizard,2017-07-27 13:01:23+00:00,9885,636,PHP,108,22,24,2,2019-03-18 01:37:34+00:00,True,2026-06-23 01:08:55.184455,6,163
phpro/grumphp,2015-03-18 20:34:36+00:00,2284,3084,PHP,286,32,83,119,2020-01-10 06:58:44+00:00,True,2026-06-23 01:09:12.860144,238,842
nirix/traq,2010-08-14 19:32:12+00:00,7452,137,PHP,24,0,16,8,2016-11-24 16:49:25+00:00,True,2026-06-23 01:09:19.546319,10,471
SilverEngine/Framework,2017-11-15 17:04:14+00:00,5865,22,PHP,17,10,14,6,2019-11-14 05:01:50+00:00,True,2026-06-23 01:10:05.689016,9,115
Automattic/woocommerce-services,2016-02-02 19:44:26+00:00,9515,61,PHP,14,223,108,8,2016-08-10 11:24:06+00:00,True,2026-06-23 01:10:16.664775,76,1100
IssabelFoundation/pbx,2017-05-19 13:08:56+00:00,15505,5,PHP,7,3,2,0,2017-05-19 13:14:11+00:00,True,2026-06-23 01:10:24.828702,11,107
prolic/fpp,2018-02-09 13:58:33+00:00,689,96,PHP,8,3,8,1,2018-02-11 14:09:05+00:00,True,2026-06-23 01:10:58.782605,22,148
angelleye/offers-for-woocommerce,2014-08-20 19:51:03+00:00,2943,14,PHP,8,29,8,6,2017-11-24 22:52:10+00:00,True,2026-06-23 01:11:11.990449,23,496
laravel-notification-channels/apn,2016-08-24 09:12:19+00:00,87,71,PHP,28,8,8,16,2019-11-14 04:42:47+00:00,True,2026-06-23 01:11:31.077642,42,225
Usbac/wolff,2019-02-28 16:09:02+00:00,356,78,PHP,10,1,8,2,2019-12-29 05:00:12+00:00,True,2026-06-23 01:11:33.088463,6,147
spatie/array-to-xml,2015-03-17 11:10:45+00:00,91,532,PHP,121,3,11,31,2019-11-14 05:04:07+00:00,True,2026-06-23 01:12:11.407616,67,119
FreePBX/logfiles,2014-01-07 21:13:31+00:00,376,0,PHP,7,0,5,13,2017-09-18 01:36:46+00:00,True,2026-06-23 01:12:15.491969,49,131
sitkoru/yandex-direct-api,2015-11-10 09:21:26+00:00,747,16,PHP,17,1,8,8,2019-11-14 05:02:23+00:00,True,2026-06-23 01:12:19.334837,29,282
netgen/ezplatform-site-api,2016-07-25 11:38:14+00:00,1277,36,PHP,7,3,15,6,2019-11-28 14:41:45+00:00,True,2026-06-23 01:12:34.472675,17,314
DShield-ISC/dshield,2016-02-05 13:36:24+00:00,988,64,PHP,17,16,26,1,2017-11-24 18:58:10+00:00,True,2026-06-23 01:12:55.956746,49,798
php-df/phpdfbot,2018-04-19 19:29:37+00:00,1304,9,PHP,5,2,3,3,2019-12-26 12:23:55+00:00,True,2026-06-23 01:13:10.777097,6,232
ahuggins/open-on-make,2018-04-13 20:22:50+00:00,66,88,PHP,12,0,1,10,2019-11-14 02:58:28+00:00,True,2026-06-23 01:13:39.052508,19,124
planetteamspeak/ts3phpframework,2014-06-15 13:33:33+00:00,2310,117,PHP,37,2,19,13,2018-09-07 06:38:04+00:00,True,2026-06-23 01:13:57.033604,20,104
railt/railt,2017-05-19 01:37:11+00:00,6978,277,PHP,13,13,23,8,2019-11-14 04:58:19+00:00,True,2026-06-23 01:14:05.384219,15,126
spatie/laravel-model-states,2019-09-03 07:53:10+00:00,169,331,PHP,15,6,16,10,2019-12-13 09:33:27+00:00,True,2026-06-23 01:15:11.862508,71,439
Ocramius/CodeGenerationUtils,2013-07-27 00:06:12+00:00,499,85,PHP,13,1,2,17,2019-11-14 04:52:02+00:00,True,2026-06-23 01:15:32.762136,24,820
abletech/addressfinder-magento,2017-05-07 22:07:19+00:00,692,3,PHP,5,3,5,7,2020-01-05 23:16:18+00:00,True,2026-06-23 01:15:38.901647,15,125
simplethings/EntityAuditBundle,2011-04-15 17:09:53+00:00,529,526,PHP,225,61,35,53,2018-09-07 08:57:19+00:00,True,2026-06-23 01:15:41.045060,79,274
scandipwa/quote-graphql,2019-04-08 20:23:01+00:00,119,2,PHP,10,4,3,5,2019-07-26 12:31:30+00:00,True,2026-06-23 01:15:57.559732,36,198
siteorigin/siteorigin-panels,2014-12-10 12:54:17+00:00,3523,512,PHP,175,107,56,13,2016-10-26 13:21:05+00:00,True,2026-06-23 01:16:12.029257,39,2095
thephpleague/period,2014-09-19 13:20:25+00:00,1070,553,PHP,36,2,20,20,2019-11-14 03:19:25+00:00,True,2026-06-23 01:16:35.819878,30,335
qtranslate/qtranslate-xt,2018-06-21 20:06:13+00:00,15777,232,PHP,34,266,41,22,2018-12-09 07:17:47+00:00,True,2026-06-23 01:16:38.798644,60,523
doctrine/DoctrineORMModule,2011-12-30 01:58:28+00:00,1174,405,PHP,221,7,67,81,2019-11-14 04:13:51+00:00,True,2026-06-23 01:16:55.826088,111,365
flextype/flextype,2018-03-09 07:54:16+00:00,15970,230,PHP,43,62,24,9,2019-11-14 04:17:42+00:00,True,2026-06-23 01:17:06.545978,13,3563
samuelet/indexmenu,2012-05-13 22:12:01+00:00,622,31,PHP,24,40,8,28,2017-11-24 20:13:35+00:00,True,2026-06-23 01:17:29.752687,76,202
snipe/snipe-it,2013-11-12 22:25:47+00:00,94253,3439,PHP,1366,309,301,183,2019-11-14 05:04:55+00:00,True,2026-06-23 01:18:13.449430,388,18580
teaminmedias-pluswerk/ke_search,2015-09-16 17:12:26+00:00,3194,33,PHP,60,71,14,30,2019-11-14 05:07:03+00:00,True,2026-06-23 01:18:37.762104,63,367
Yoast/whip,2017-02-16 12:08:29+00:00,819,68,PHP,5,9,14,6,2017-08-08 10:16:52+00:00,True,2026-06-23 01:18:43.987906,31,229
EvoTM/EvoSC,2019-01-04 07:27:12+00:00,3273,15,PHP,5,4,4,5,2019-10-26 17:26:39+00:00,True,2026-06-23 01:19:51.154749,27,1439
picqer/php-barcode-generator,2015-08-13 07:59:14+00:00,237,839,PHP,251,1,56,9,2020-01-11 20:15:24+00:00,True,2026-06-23 01:20:06.316107,28,194
BitBagCommerce/SyliusMolliePlugin,2018-04-05 17:41:37+00:00,226,30,PHP,7,1,4,4,2019-11-14 03:34:42+00:00,True,2026-06-23 01:20:33.076784,36,496
eduardokum/laravel-mail-auto-embed,2017-03-17 14:46:58+00:00,42,26,PHP,6,2,2,1,2017-12-12 15:52:16+00:00,True,2026-06-23 01:20:39.257295,18,113
simpletest/simpletest,2013-09-21 18:47:12+00:00,4614,139,PHP,44,19,27,17,2019-11-14 05:02:14+00:00,True,2026-06-23 01:20:49.391661,42,108
doctrine/inflector,2013-01-10 21:34:22+00:00,341,8345,PHP,90,5,25,61,2019-11-14 04:14:09+00:00,True,2026-06-23 01:20:51.361045,101,258
sonata-project/SonataNewsBundle,2010-12-28 12:46:15+00:00,1458,148,PHP,134,6,32,83,2019-11-14 05:03:39+00:00,True,2026-06-23 01:20:59.834962,102,183
apereo/phpCAS,2011-09-09 01:44:27+00:00,1905,669,PHP,337,32,66,55,2019-08-18 20:44:24+00:00,True,2026-06-23 01:21:06.340345,88,118
stecklars/dynamic-dns-netcup-api,2018-05-30 00:08:11+00:00,53,32,PHP,6,5,10,2,2019-12-20 23:02:08+00:00,True,2026-06-23 01:21:30.272157,8,106
getgrav/grav-plugin-devtools,2016-04-19 16:36:20+00:00,96,24,PHP,16,0,8,1,2016-05-08 08:09:20+00:00,True,2026-06-23 01:21:44.000931,28,109
Adyen/adyen-php-api-library,2015-11-24 13:34:39+00:00,333,62,PHP,47,3,17,24,2020-01-06 12:41:28+00:00,True,2026-06-23 01:21:48.314672,107,863
scheb/yahoo-finance-api,2014-01-18 21:19:01+00:00,187,115,PHP,30,0,24,3,2018-08-28 20:57:55+00:00,True,2026-06-23 01:22:08.730610,12,168
liip/LiipFunctionalTestBundle,2010-12-25 18:58:03+00:00,1001,570,PHP,164,57,46,123,2019-11-14 04:43:44+00:00,True,2026-06-23 01:22:30.799668,163,226
joomla-extensions/weblinks,2014-02-09 18:40:10+00:00,875,26,PHP,79,18,28,36,2016-08-09 20:54:37+00:00,True,2026-06-23 01:22:49.004292,70,846
bearsunday/BEAR.Resource,2011-10-31 07:14:20+00:00,2363,39,PHP,16,1,8,11,2019-12-03 23:30:05+00:00,True,2026-06-23 01:22:56.814758,29,990
digamber89/woocommerce-preview-emails,2015-11-27 18:44:14+00:00,87,5,PHP,5,5,5,3,2019-12-07 20:37:21+00:00,True,2026-06-23 01:23:04.541270,9,145
neos/neos-googleanalytics,2015-08-18 14:57:11+00:00,2189,13,PHP,23,4,9,24,2019-11-14 04:50:07+00:00,True,2026-06-23 01:23:12.681346,42,127
vaites/php-apache-tika,2015-08-30 06:38:09+00:00,11858,55,PHP,17,2,3,4,2019-11-14 05:10:00+00:00,True,2026-06-23 01:23:18.395318,13,171
Skouat/ext_paypal_donation,2014-08-20 22:07:24+00:00,1795,7,PHP,7,2,9,4,2016-08-09 21:16:02+00:00,True,2026-06-23 01:23:29.803069,8,281
harentius/blog-bundle,2015-11-01 15:19:08+00:00,1898,9,PHP,6,16,2,1,2019-11-14 04:35:19+00:00,True,2026-06-23 01:23:43.391883,2,172
braekling/WP-Piwik,2015-08-06 20:46:02+00:00,2002,20,PHP,13,15,8,1,2017-11-24 19:50:27+00:00,True,2026-06-23 01:24:18.969298,26,110
bmlt-enabled/bmlt-root-server,2018-03-21 18:10:07+00:00,10030,0,PHP,6,15,2,1,2018-03-21 18:44:49+00:00,True,2026-06-23 01:24:36.165453,19,967
firevel/firevel,2019-05-03 05:33:13+00:00,411,207,PHP,8,1,6,1,2019-11-14 04:17:25+00:00,True,2026-06-23 01:24:38.162811,3,251
wikimedia/mediawiki-extensions-Auth_remoteuser,2012-11-01 19:03:23+00:00,153,5,PHP,8,0,7,17,2019-11-11 22:48:18+00:00,True,2026-06-23 01:24:40.121508,30,122
misterunknown/ifm,2013-12-16 13:20:50+00:00,3365,111,PHP,26,2,12,4,2017-11-12 21:56:45+00:00,True,2026-06-23 01:24:44.798510,15,271
mohammad-fouladgar/eloquent-builder,2018-08-11 08:35:35+00:00,359,175,PHP,28,0,12,3,2020-01-05 10:24:43+00:00,True,2026-06-23 01:25:10.882787,15,155
FriendsOfSymfony/FOSJsRoutingBundle,2011-05-12 22:01:51+00:00,654,1236,PHP,225,34,42,74,2020-01-12 22:44:24+00:00,True,2026-06-23 01:25:19.005683,111,108
woocommerce/sensei-certificates,2013-07-16 08:18:33+00:00,16713,19,PHP,15,29,61,13,2017-11-24 23:46:46+00:00,True,2026-06-23 01:25:34.012374,38,332
jaymoulin/yamete,2016-12-16 01:21:21+00:00,1235,31,PHP,8,1,5,1,2019-12-01 09:36:28+00:00,True,2026-06-23 01:25:37.830519,5,490
yikesinc/yikes-inc-easy-custom-woocommerce-product-tabs,2014-12-02 15:27:56+00:00,2724,11,PHP,5,2,10,4,2017-08-20 00:46:52+00:00,True,2026-06-23 01:26:00.039297,11,177
thorsten/phpMyFAQ,2009-08-04 19:26:15+00:00,35949,429,PHP,196,179,42,48,2019-11-14 04:57:10+00:00,True,2026-06-23 01:26:22.896691,99,6421
rowanhill/wiremock-php,2013-12-01 19:03:22+00:00,5760,52,PHP,8,2,1,2,2019-11-14 05:12:31+00:00,True,2026-06-23 01:26:28.772976,6,114
DivaVocals/zen_Image-Handler,2014-01-04 00:04:34+00:00,1713,7,PHP,8,8,6,4,2016-05-27 17:57:20+00:00,True,2026-06-23 01:26:34.944905,13,188
biplane/yandex-direct,2013-10-04 14:29:55+00:00,1166,27,PHP,8,0,8,6,2019-11-21 16:32:46+00:00,True,2026-06-23 01:26:44.981325,13,278
ecamp/ecamp3,2011-02-23 18:59:29+00:00,16588,31,PHP,20,20,15,4,2016-08-09 21:11:37+00:00,True,2026-06-23 01:27:18.524459,35,21308
z-song/laravel-admin,2015-12-30 10:42:57+00:00,11836,7765,PHP,2043,135,330,173,2019-11-14 04:15:54+00:00,True,2026-06-23 01:27:23.477087,323,545
acquia/orca,2018-08-06 19:32:02+00:00,1199,10,PHP,14,4,14,5,2019-12-23 17:16:13+00:00,True,2026-06-23 01:27:47.147230,17,1075
teamtnt/laravel-scout-tntsearch-driver,2016-08-13 16:38:52+00:00,150,674,PHP,92,55,21,40,2019-11-14 05:07:06+00:00,True,2026-06-23 01:27:50.979009,71,111
laravel/valet,2016-05-03 21:02:59+00:00,61894,1626,PHP,481,47,49,126,2019-10-04 20:53:13+00:00,True,2026-06-23 01:28:41.567819,224,993
poweradmin/poweradmin,2011-03-15 10:17:43+00:00,4459,385,PHP,190,139,53,34,2017-11-24 18:48:37+00:00,True,2026-06-23 01:29:08.011857,109,4151
modularsoftware/genealogy,2018-05-30 05:05:13+00:00,509238,54,PHP,16,31,16,19,2019-11-14 04:50:48+00:00,True,2026-06-23 01:29:52.178106,81,4299
jasonwynn10/MyPlot,2016-04-18 00:16:45+00:00,2148,34,PHP,35,5,11,12,2016-07-19 23:19:29+00:00,True,2026-06-23 01:30:03.970074,48,189
aimeos/ai-controller-frontend,2016-04-27 07:22:20+00:00,1192,12,PHP,10,0,2,4,2020-01-07 10:52:52+00:00,True,2026-06-23 01:30:06.569946,8,356
yiisoft/yii2-apidoc,2014-01-06 05:04:01+00:00,469,225,PHP,106,43,35,24,2019-11-14 05:14:17+00:00,True,2026-06-23 01:30:11.249407,39,180
OXID-eSales/gdpr-optin-module,2018-03-05 10:25:42+00:00,2545,1,PHP,6,0,18,7,2019-10-23 03:27:05+00:00,True,2026-06-23 01:30:15.553636,22,283
Brille24/SyliusCustomOptionsPlugin,2018-03-07 15:28:16+00:00,1804,19,PHP,8,5,5,21,2019-11-14 03:40:36+00:00,True,2026-06-23 01:31:15.644505,36,262
themsaid/laravel-mail-preview,2016-03-12 06:54:41+00:00,46,674,PHP,52,6,22,20,2019-11-14 05:07:43+00:00,True,2026-06-23 01:31:26.982501,41,195
stof/StofDoctrineExtensionsBundle,2010-11-09 20:48:50+00:00,239,979,PHP,296,54,52,51,2017-12-25 08:21:43+00:00,True,2026-06-23 01:31:28.834839,84,143
akaunting/money,2017-11-26 22:23:16+00:00,44,216,PHP,25,1,6,7,2019-11-14 02:59:21+00:00,True,2026-06-23 01:31:49.667893,32,155
matecat/MateCat,2014-12-22 17:22:31+00:00,58087,122,PHP,65,32,32,12,2017-11-24 18:49:06+00:00,True,2026-06-23 01:32:08.606255,77,10366
FreePBX/calendar,2016-06-23 23:41:30+00:00,5478,1,PHP,8,0,6,2,2016-09-13 14:21:03+00:00,True,2026-06-23 01:32:15.525900,41,196
nilsteampassnet/TeamPass,2011-12-29 18:55:38+00:00,79452,821,PHP,330,198,89,10,2017-06-12 11:17:30+00:00,True,2026-06-23 01:33:26.394487,68,3485
onfido/api-php-client,2017-01-31 16:48:43+00:00,145,10,PHP,9,0,33,3,2019-11-14 04:52:32+00:00,True,2026-06-23 01:33:38.674057,43,181
miladrahimi/phprouter,2015-05-30 15:24:30+00:00,294,54,PHP,7,0,7,5,2019-12-07 10:36:12+00:00,True,2026-06-23 01:33:43.181905,7,126
markitosgv/JWTRefreshTokenBundle,2015-09-16 11:05:58+00:00,196,301,PHP,81,27,5,33,2019-10-27 11:32:15+00:00,True,2026-06-23 01:34:25.426742,74,206
OpenConext/Stepup-SelfService,2014-09-10 08:44:58+00:00,2084,1,PHP,5,3,13,10,2019-11-10 19:36:46+00:00,True,2026-06-23 01:35:38.494847,26,719
nafiesl/free-pmo,2017-11-21 14:19:36+00:00,3722,199,PHP,95,3,29,2,2017-11-24 13:48:34+00:00,True,2026-06-23 01:35:48.127092,11,162
lucatume/wp-browser,2014-06-16 12:53:35+00:00,11111,270,PHP,53,4,14,31,2019-10-23 03:48:45+00:00,True,2026-06-23 01:35:54.685168,59,2032
bingcool/swoolefy,2017-08-07 10:49:21+00:00,4246,450,PHP,75,4,24,3,2019-11-14 03:34:11+00:00,True,2026-06-23 01:36:38.913245,10,1022
cnvs/canvas,2016-02-29 19:06:11+00:00,70160,1790,PHP,325,14,78,75,2019-12-16 11:37:51+00:00,True,2026-06-23 01:37:11.149951,79,1287
ACTom/files_mindmap,2018-09-29 02:46:51+00:00,5024,16,PHP,6,15,6,4,2019-04-07 15:03:57+00:00,True,2026-06-23 01:37:27.154578,36,288
FOGProject/fogproject,2014-04-15 18:28:09+00:00,4358418,361,PHP,86,9,74,22,2017-02-05 10:22:35+00:00,True,2026-06-23 01:38:09.447676,86,814
pluginsGLPI/order,2015-08-07 16:29:54+00:00,2371,9,PHP,27,51,25,14,2017-08-06 00:44:24+00:00,True,2026-06-23 01:38:25.718868,48,265
phpbb/ideas,2013-07-13 19:59:47+00:00,893,16,PHP,13,3,26,8,2019-11-14 04:55:20+00:00,True,2026-06-23 01:38:44.169285,13,266
doctrine/DoctrineBundle,2011-11-17 19:25:50+00:00,2227,2950,PHP,337,26,60,218,2019-12-19 14:32:13+00:00,True,2026-06-23 01:39:00.532484,344,1199
spatie/laravel-searchable,2018-12-06 10:55:46+00:00,70,403,PHP,35,4,12,9,2019-11-14 05:03:59+00:00,True,2026-06-23 01:39:09.038428,33,121
mantisbt-plugins/source-integration,2010-06-15 21:20:12+00:00,1193,146,PHP,114,24,32,33,2017-11-24 18:30:41+00:00,True,2026-06-23 01:39:47.104197,72,206
collectiveaccess/pawtucket2,2013-06-19 14:16:41+00:00,254526,30,PHP,25,0,13,10,2017-11-24 19:26:34+00:00,True,2026-06-23 01:41:07.439584,59,3301
Codeinwp/themeisle-companion,2016-10-31 10:53:38+00:00,1091,3,PHP,11,22,5,4,2017-03-27 21:11:34+00:00,True,2026-06-23 01:41:45.597456,39,1270
sandreas/m4b-tool,2017-05-08 06:54:32+00:00,469,56,PHP,9,2,4,1,2017-05-28 14:16:49+00:00,True,2026-06-23 01:41:55.684115,20,200
FriendsOfREDAXO/feeds,2016-03-09 17:25:19+00:00,2423,28,PHP,11,18,5,6,2017-11-25 04:16:49+00:00,True,2026-06-23 01:42:01.832223,29,287
laravelio/portal,2013-09-17 12:57:48+00:00,12694,1461,PHP,408,20,106,42,2016-11-24 16:22:03+00:00,True,2026-06-23 01:42:13.921416,140,1283
sulu/SuluArticleBundle,2016-06-24 12:35:18+00:00,1241,17,PHP,49,49,9,22,2019-11-14 05:05:15+00:00,True,2026-06-23 01:42:16.098464,49,305
fruitcake/laravel-cors,2013-10-16 07:35:54+00:00,188,4624,PHP,428,64,92,50,2019-12-31 17:37:39+00:00,True,2026-06-23 01:42:17.968345,74,157
nuwber/rabbitevents,2017-10-24 09:21:11+00:00,94,68,PHP,13,0,6,5,2020-01-03 08:24:41+00:00,True,2026-06-23 01:42:26.242769,19,107
rusoft/php-simple-benchmark-script,2017-04-20 21:00:57+00:00,121,19,PHP,9,0,2,2,2019-12-25 05:36:42+00:00,True,2026-06-23 01:42:43.096440,5,139
rullzer/previewgenerator,2016-10-28 12:01:18+00:00,93,34,PHP,17,10,10,3,2017-05-15 22:42:04+00:00,True,2026-06-23 01:42:49.251501,36,429
wpeka/wplegalpages,2016-10-21 09:32:07+00:00,1138,0,PHP,5,2,0,1,2016-11-14 06:27:47+00:00,True,2026-06-23 01:42:59.335502,42,1039
Internet2/comanage-registry,2014-02-03 13:17:47+00:00,25258,8,PHP,13,19,12,10,2019-09-24 03:40:08+00:00,True,2026-06-23 01:43:11.332323,26,1335
DBDiff/DBDiff,2015-05-23 09:17:22+00:00,83,241,PHP,66,43,24,5,2016-05-27 17:46:26+00:00,True,2026-06-23 01:43:19.639876,13,174
abienvenu/Kyela,2014-08-19 09:43:07+00:00,988,22,PHP,5,8,5,2,2019-11-14 02:53:59+00:00,True,2026-06-23 01:43:31.400142,4,173
laravel/dusk,2016-12-06 03:43:52+00:00,107296,1425,PHP,243,7,53,96,2020-01-07 19:13:09+00:00,True,2026-06-23 01:43:42.049131,185,641
aimeos/ai-controller-jobs,2016-04-27 07:23:15+00:00,1596,13,PHP,8,0,2,5,2020-01-07 10:52:57+00:00,True,2026-06-23 01:43:52.911109,12,621
pluginsGLPI/addressing,2016-09-25 20:05:05+00:00,377,9,PHP,6,3,10,3,2016-10-20 13:57:37+00:00,True,2026-06-23 01:44:16.963395,20,160
kreait/firebase-php,2015-01-07 23:07:53+00:00,1779,1061,PHP,234,9,44,22,2019-12-02 19:02:12+00:00,True,2026-06-23 01:44:26.046525,74,1183
illuminate/database,2012-06-05 01:43:19+00:00,8477,1931,PHP,458,0,108,669,2019-12-05 14:06:23+00:00,True,2026-06-23 01:44:46.176691,1532,3045
WangNingkai/OLAINDEX,2018-09-29 06:30:51+00:00,6277,995,PHP,278,48,17,2,2019-11-14 05:11:31+00:00,True,2026-06-23 01:44:55.686208,9,390
helios-ag/FMElfinderBundle,2012-08-07 13:59:28+00:00,1838,203,PHP,99,19,13,60,2019-11-14 04:35:46+00:00,True,2026-06-23 01:45:26.563126,90,161
ramsey/php-library-skeleton,2019-01-03 04:32:46+00:00,38,36,PHP,5,1,4,1,2019-11-14 04:57:55+00:00,True,2026-06-23 01:45:42.781258,8,238
owncloud/user_ldap,2016-09-06 14:59:09+00:00,8924,13,PHP,15,74,76,78,2019-06-29 18:25:47+00:00,True,2026-06-23 01:45:55.195157,139,654
PrestaShop/ps_checkpayment,2016-07-27 14:25:47+00:00,89,1,PHP,17,5,18,16,2019-11-14 04:56:46+00:00,True,2026-06-23 01:46:13.752125,49,135
ftisunpar/BlueTape,2016-02-19 02:06:28+00:00,3053,1,PHP,21,0,2,2,2017-02-22 16:59:04+00:00,True,2026-06-23 01:46:18.283786,10,144
simonhamp/laravel-nova-csv-import,2019-04-22 14:24:53+00:00,468,29,PHP,9,13,2,2,2019-11-14 05:02:03+00:00,True,2026-06-23 01:46:33.509094,16,171
p2made/yii2-p2y2-things,2015-06-02 15:54:26+00:00,19540,11,PHP,10,2,2,3,2019-11-14 04:53:50+00:00,True,2026-06-23 01:46:48.626375,4,291
koriym/Koriym.PhpSkeleton,2011-10-15 07:40:11+00:00,140,130,PHP,24,0,16,12,2019-11-14 04:41:50+00:00,True,2026-06-23 01:47:05.567838,20,208
stymiee/authnetjson,2015-03-21 21:15:13+00:00,522,14,PHP,6,0,3,2,2019-11-14 05:05:04+00:00,True,2026-06-23 01:47:47.480767,3,173
wp-statistics/wp-statistics,2017-04-10 03:41:37+00:00,59276,30,PHP,10,10,10,1,2017-04-08 11:13:10+00:00,True,2026-06-23 01:48:14.947258,60,8719
ventoviro/windwalker,2013-12-22 05:53:04+00:00,7582,217,PHP,34,130,21,6,2019-11-14 05:12:45+00:00,True,2026-06-23 01:48:18.036404,2,1093
doctrine/cache,2013-01-10 22:37:43+00:00,759,5391,PHP,200,43,42,105,2019-11-29 16:39:09+00:00,True,2026-06-23 01:48:31.679359,131,102
Seldaek/monolog,2011-02-17 02:07:15+00:00,2883,16553,PHP,1610,39,337,373,2019-08-30 10:37:57+00:00,True,2026-06-23 01:48:33.985043,562,592
veda-consulting/uk.co.vedaconsulting.mosaico,2016-02-24 16:19:04+00:00,4942,37,PHP,48,68,28,9,2016-10-26 09:57:56+00:00,True,2026-06-23 01:48:41.798180,70,446
artgris/FileManagerBundle,2017-04-10 13:08:36+00:00,3222,75,PHP,43,4,7,12,2020-01-03 16:13:03+00:00,True,2026-06-23 01:49:02.651233,31,111
phpactor/phpactor,2015-09-24 12:07:36+00:00,3231,441,PHP,45,100,23,37,2019-11-14 04:55:24+00:00,True,2026-06-23 01:49:17.051773,111,1216
sergejey/majordomo,2012-08-01 12:06:04+00:00,26176,303,PHP,125,22,70,14,2017-11-24 18:36:06+00:00,True,2026-06-23 01:49:29.546553,80,1239
ecamp/ecamp,2010-10-22 10:41:32+00:00,11302,11,PHP,7,6,3,2,2017-11-24 22:23:46+00:00,True,2026-06-23 01:49:45.156525,10,193
inc2734/snow-monkey,2017-08-29 05:24:08+00:00,2625,52,PHP,16,6,9,1,2017-11-24 20:19:04+00:00,True,2026-06-23 01:49:49.907776,17,1674
CzechPMDevs/MultiWorld,2017-04-07 19:34:37+00:00,242,14,PHP,8,0,5,2,2017-04-08 19:06:22+00:00,True,2026-06-23 01:49:55.854422,17,132
luolongfei/freenom,2018-08-13 08:17:02+00:00,271,27,PHP,14,1,0,2,2018-12-26 04:20:38+00:00,True,2026-06-23 01:50:07.491279,14,501
lcobucci/jwt,2014-03-05 19:23:23+00:00,885,4925,PHP,400,12,142,33,2019-11-14 04:43:11+00:00,True,2026-06-23 01:50:14.112376,67,1510
laravel/cashier,2014-03-04 03:11:44+00:00,46582,1727,PHP,440,26,72,119,2020-01-07 18:02:26+00:00,True,2026-06-23 01:50:33.575341,215,1075
OFFLINE-GmbH/oc-mall-plugin,2017-12-05 06:51:00+00:00,3285,88,PHP,46,59,12,17,2020-01-10 17:03:41+00:00,True,2026-06-23 01:50:53.725780,80,1367
composer/packagist,2011-06-09 20:50:15+00:00,8326,1192,PHP,381,85,80,92,2016-11-24 16:14:59+00:00,True,2026-06-23 01:50:58.550470,172,1263
cakephp/authentication,2016-11-29 02:50:33+00:00,1306,61,PHP,44,18,40,34,2019-11-14 03:44:14+00:00,True,2026-06-23 01:51:17.177278,105,855
firstred/postnl-api-php,2017-09-13 18:20:06+00:00,1640,7,PHP,11,5,4,5,2019-11-14 04:17:29+00:00,True,2026-06-23 01:51:33.311750,21,524
dreamfactorysoftware/df-core,2015-03-19 20:34:27+00:00,53029,14,PHP,29,9,17,11,2019-11-27 17:09:07+00:00,True,2026-06-23 01:51:39.773755,40,163
laravel/passport,2016-07-11 14:13:09+00:00,854,2305,PHP,531,23,78,135,2020-01-07 19:36:11+00:00,True,2026-06-23 01:53:00.047561,219,603
weprovide/valet-plus,2017-06-08 20:46:37+00:00,28544,1232,PHP,164,90,47,130,2019-11-14 05:12:23+00:00,True,2026-06-23 01:53:20.445380,149,187
enhavo/enhavo,2015-07-02 15:17:17+00:00,28274,52,PHP,22,26,13,14,2020-01-12 04:10:19+00:00,True,2026-06-23 01:53:25.695282,31,1502
projectestac/agora,2012-10-02 07:48:28+00:00,607364,22,PHP,8,1,19,12,2017-11-24 21:35:33+00:00,True,2026-06-23 01:54:16.006306,26,432
dotmailer/dotmailer-magento2-extension,2015-11-16 12:35:34+00:00,5925,28,PHP,41,0,11,20,2019-11-14 04:14:10+00:00,True,2026-06-23 01:54:20.598760,42,1421
Brain-WP/BrainMonkey,2015-03-21 15:14:15+00:00,1049,138,PHP,20,9,7,9,2019-11-14 03:39:14+00:00,True,2026-06-23 01:54:22.583856,17,200
flarum/tags,2015-05-07 12:56:29+00:00,927,20,PHP,49,3,5,21,2019-11-14 04:17:36+00:00,True,2026-06-23 01:54:26.846835,54,423
moodle/moodle,2009-12-16 23:01:23+00:00,534041,2740,PHP,3989,1,380,337,2019-11-14 04:50:42+00:00,True,2026-06-23 01:55:51.339773,1221,25941
PayU/plugin_prestashop,2012-06-29 15:46:17+00:00,3236,43,PHP,64,2,35,11,2017-11-24 19:15:11+00:00,True,2026-06-23 01:56:22.112637,44,142
bigbluebutton/bigbluebutton-api-php,2016-01-17 19:20:31+00:00,302,41,PHP,49,1,16,8,2019-11-15 19:19:19+00:00,True,2026-06-23 01:57:24.510970,40,471
yiisoft/yii2-gii,2013-11-03 04:18:39+00:00,10711,162,PHP,171,85,36,184,2019-11-14 05:14:38+00:00,True,2026-06-23 01:57:29.083458,241,117
spatie/freek.dev,2017-11-17 07:55:36+00:00,8143,305,PHP,104,2,15,9,2017-11-24 18:53:11+00:00,True,2026-06-23 01:57:41.780538,40,1606
cakephp/authorization,2017-12-12 02:28:42+00:00,494,36,PHP,21,4,29,18,2020-01-09 16:20:02+00:00,True,2026-06-23 01:57:44.468108,53,437
Spomky-Labs/otphp,2013-10-20 09:59:08+00:00,425,661,PHP,71,2,33,19,2019-11-14 05:04:19+00:00,True,2026-06-23 01:58:02.074095,32,118
amimoto-ami/c3-cloudfront-clear-cache,2015-09-30 03:29:06+00:00,4626,8,PHP,8,1,8,4,2017-03-27 21:05:40+00:00,True,2026-06-23 01:58:08.663557,29,373
uvdesk/community-skeleton,2018-11-02 10:40:36+00:00,35473,227,PHP,61,12,20,12,2019-10-31 17:15:01+00:00,True,2026-06-23 01:58:25.524365,47,547
jbroadway/elefant,2011-05-04 18:43:58+00:00,17422,178,PHP,39,34,31,16,2016-11-24 13:54:04+00:00,True,2026-06-23 01:58:33.015667,25,421
JosephSilber/bouncer,2015-09-17 00:34:40+00:00,2921,2284,PHP,242,32,84,33,2019-11-14 05:01:46+00:00,True,2026-06-23 01:59:11.351830,56,105
spatie/packagist-api,2016-05-06 07:32:06+00:00,50,84,PHP,16,0,4,10,2019-11-14 05:03:58+00:00,True,2026-06-23 01:59:13.217960,22,100
gocardless/gocardless-pro-php,2015-03-30 17:35:58+00:00,1240,60,PHP,16,17,70,9,2019-12-06 14:51:57+00:00,True,2026-06-23 01:59:15.832118,53,657
dougwollison/nlingual,2013-09-07 03:46:54+00:00,1525,9,PHP,5,0,3,5,2016-05-27 13:06:40+00:00,True,2026-06-23 01:59:17.990102,7,171
zblogcn/zblogphp,2014-09-15 01:46:16+00:00,46228,325,PHP,125,37,40,4,2017-11-24 18:46:36+00:00,True,2026-06-23 01:59:25.538597,37,1577
slackero/phpwcms,2012-04-30 05:28:11+00:00,29524,62,PHP,36,19,24,5,2017-11-24 19:05:10+00:00,True,2026-06-23 02:00:18.787799,9,536
symfony/ldap,2015-09-30 15:01:26+00:00,295,88,PHP,14,0,8,48,2019-11-14 05:06:14+00:00,True,2026-06-23 02:00:20.755296,78,493
culqi/culqi-woocommerce,2016-05-30 23:13:33+00:00,117,6,PHP,11,15,11,1,2016-05-30 23:14:08+00:00,True,2026-06-23 02:00:28.660977,23,435
Wixel/GUMP,2011-01-17 09:40:12+00:00,347,1028,PHP,335,55,94,54,2019-11-14 05:12:43+00:00,True,2026-06-23 02:00:47.560212,77,357
SplashSync/Dolibarr,2016-09-23 08:44:13+00:00,3896,4,PHP,5,1,5,3,2019-11-14 05:04:31+00:00,True,2026-06-23 02:01:07.287439,6,466
bfabiszewski/ulogger-server,2017-03-16 15:42:53+00:00,392,98,PHP,22,16,14,3,2017-03-26 15:11:21+00:00,True,2026-06-23 02:01:11.850482,26,314
illuminate/encryption,2012-05-16 16:39:48+00:00,164,66,PHP,19,0,9,30,2019-11-14 04:37:40+00:00,True,2026-06-23 02:01:30.926741,57,108
nextcloud/survey_client,2016-07-08 10:41:12+00:00,662,2,PHP,6,5,9,2,2016-07-08 16:06:07+00:00,True,2026-06-23 02:01:33.183663,34,408
overtrue/phplint,2016-07-25 10:07:15+00:00,95,484,PHP,51,1,18,14,2019-12-07 14:43:32+00:00,True,2026-06-23 02:01:43.347003,35,473
cardinity/cardinity-sdk-php,2015-03-10 07:23:18+00:00,86,7,PHP,8,1,5,4,2018-09-06 15:49:41+00:00,True,2026-06-23 02:02:15.451703,13,107
kirschbaum-development/nova-inline-relationship,2019-09-04 15:07:25+00:00,2745,54,PHP,6,13,5,3,2019-09-11 14:17:57+00:00,True,2026-06-23 02:02:52.398273,15,105
openpne/OpenPNE3,2009-09-20 15:03:35+00:00,23405,146,PHP,88,180,36,23,2017-11-24 18:28:03+00:00,True,2026-06-23 02:03:10.635451,55,179
EmicoEcommerce/Magento2Tweakwise,2017-03-31 14:50:32+00:00,456,3,PHP,13,1,7,13,2019-12-04 12:44:35+00:00,True,2026-06-23 02:03:27.911308,49,1235
core23/DompdfBundle,2015-10-16 12:15:29+00:00,181,16,PHP,5,2,2,6,2019-11-14 04:02:23+00:00,True,2026-06-23 02:03:40.116053,18,770
MightyCreak/mesamatrix,2014-08-23 14:34:17+00:00,1121,62,PHP,7,12,3,7,2016-08-09 21:02:37+00:00,True,2026-06-23 02:03:54.367268,33,326
hamidsamak/pheditor,2016-03-18 19:54:36+00:00,92,34,PHP,18,5,6,1,2017-05-18 14:21:03+00:00,True,2026-06-23 02:04:13.505739,4,107
CESNET/pakiti-server,2014-07-08 12:55:34+00:00,902,19,PHP,14,0,6,5,2017-11-24 19:23:39+00:00,True,2026-06-23 02:04:19.294855,28,154
yiisoft/yii2-app-basic,2013-10-02 03:20:06+00:00,534,473,PHP,670,3,77,72,2019-09-05 02:35:04+00:00,True,2026-06-23 02:04:23.876043,102,130
owncloud/customgroups,2016-11-29 12:35:40+00:00,772,4,PHP,8,23,57,22,2019-07-07 02:13:40+00:00,True,2026-06-23 02:04:36.311276,52,578
labriqueinternet/vpnclient_ynh,2014-11-04 17:28:33+00:00,993,16,PHP,14,5,9,6,2017-06-20 17:36:46+00:00,True,2026-06-23 02:04:38.484067,31,422
api-platform/schema-generator,2014-01-31 14:14:10+00:00,1339,333,PHP,74,36,27,37,2020-01-10 10:59:33+00:00,True,2026-06-23 02:05:04.074454,67,135
fnagel/generic-gallery,2014-07-27 19:12:23+00:00,973,5,PHP,7,4,3,3,2019-11-14 04:17:13+00:00,True,2026-06-23 02:05:26.297835,8,230
Kunstmaan/KunstmaanGeneratorBundle,2012-07-13 11:15:05+00:00,12644,23,PHP,13,1,19,54,2019-11-14 05:17:57+00:00,True,2026-06-23 02:05:43.575872,75,108
graphpaperpress/Sell-Media,2012-10-26 23:11:04+00:00,10132,43,PHP,35,25,18,15,2017-02-10 13:21:29+00:00,True,2026-06-23 02:05:50.145754,37,248
jjrom/resto,2014-10-12 14:15:52+00:00,9845,24,PHP,13,12,7,4,2017-11-24 19:55:43+00:00,True,2026-06-23 02:06:05.935513,26,974
yajra/pdo-via-oci8,2013-11-27 00:47:46+00:00,371,62,PHP,38,5,7,27,2018-09-07 14:56:07+00:00,True,2026-06-23 02:06:10.047525,63,152
Codexshaper/laravel-woocommerce,2019-04-09 19:35:22+00:00,72,11,PHP,6,0,5,2,2019-12-27 10:23:04+00:00,True,2026-06-23 02:06:15.699945,10,103
doctrine/data-fixtures,2010-09-20 21:28:26+00:00,514,1786,PHP,221,53,37,76,2019-11-14 04:13:50+00:00,True,2026-06-23 02:06:17.762208,119,471
blueimp/jQuery-File-Upload,2010-12-01 15:35:32+00:00,4000,30458,PHP,8077,56,1749,92,2019-11-28 08:19:09+00:00,True,2026-06-23 02:06:46.246122,113,111
BitBagCommerce/SyliusMailChimpPlugin,2017-05-08 18:20:04+00:00,445,33,PHP,5,2,2,14,2019-07-17 21:06:24+00:00,True,2026-06-23 02:07:13.840002,45,184
doctrine/common,2010-05-20 17:01:56+00:00,16755,4184,PHP,284,24,55,125,2019-11-14 04:14:04+00:00,True,2026-06-23 02:07:44.312057,227,301
outlandishideas/wpackagist,2013-05-07 09:55:33+00:00,1432,398,PHP,41,37,17,7,2016-11-24 16:15:18+00:00,True,2026-06-23 02:07:50.190902,29,373
shiftonelabs/laravel-sqs-fifo-queue,2017-02-13 16:12:44+00:00,36,18,PHP,5,1,7,1,2018-09-07 08:38:57+00:00,True,2026-06-23 02:08:23.839258,5,106
joomla/jissues,2012-10-06 02:12:43+00:00,21828,62,PHP,65,44,32,27,2016-08-09 20:54:09+00:00,True,2026-06-23 02:08:33.168740,46,528
anspress/anspress,2014-01-14 04:00:48+00:00,28895,225,PHP,90,59,33,49,2018-09-06 14:14:07+00:00,True,2026-06-23 02:08:51.796790,62,1695
amphp/socket,2014-07-31 17:57:14+00:00,836,80,PHP,27,2,10,14,2019-11-14 04:58:09+00:00,True,2026-06-23 02:09:12.419664,19,186
googleapis/google-auth-library-php,2014-10-16 18:36:42+00:00,566,737,PHP,115,17,31,30,2019-11-14 04:29:04+00:00,True,2026-06-23 02:09:18.837554,58,258
pmmp/PocketMine-DevTools,2016-12-19 22:07:29+00:00,125,34,PHP,28,1,12,0,2016-12-20 02:29:16+00:00,True,2026-06-23 02:09:22.707257,16,116
craftcms/contact-form,2013-05-21 18:08:48+00:00,203,288,PHP,88,13,13,28,2019-12-18 00:45:45+00:00,True,2026-06-23 02:09:41.145098,42,113
shuchkin/simplexlsx,2016-05-25 07:42:04+00:00,176,403,PHP,133,4,22,7,2019-11-07 00:44:04+00:00,True,2026-06-23 02:09:42.977686,16,101
redCOMPONENT-COM/redCORE,2013-09-25 09:01:18+00:00,28506,18,PHP,52,6,11,29,2017-11-24 19:17:55+00:00,True,2026-06-23 02:09:46.478934,75,126
Tmeister/wp-api-jwt-auth,2015-07-29 03:58:36+00:00,4272,182,PHP,57,55,17,2,2016-08-09 21:04:17+00:00,True,2026-06-23 02:09:48.726249,21,105
symfonycorp/connect,2012-06-07 09:45:25+00:00,278,84,PHP,32,5,17,20,2019-11-14 05:00:52+00:00,True,2026-06-23 02:09:50.620761,30,118
Octopoos/SEBLOD,2014-08-22 16:06:24+00:00,8958,99,PHP,48,129,30,5,2017-11-24 19:06:00+00:00,True,2026-06-23 02:10:14.979345,26,362
GeneaLabs/laravel-model-caching,2017-09-17 14:40:24+00:00,1326,1157,PHP,120,22,36,25,2019-11-14 04:19:39+00:00,True,2026-06-23 02:10:23.235665,59,328
craftcms/server-check,2015-02-24 04:05:37+00:00,92,45,PHP,8,0,2,5,2019-11-14 04:04:27+00:00,True,2026-06-23 02:10:27.158063,11,114
googleapis/google-cloud-php-trace,2017-05-17 23:35:39+00:00,190,18,PHP,6,0,39,13,2019-11-14 04:27:55+00:00,True,2026-06-23 02:10:42.505746,21,149
taz77/sendgrid-php-ng,2016-02-01 08:53:58+00:00,1398,15,PHP,6,6,3,40,2019-11-14 04:17:05+00:00,True,2026-06-23 02:11:11.400860,52,183
DarkaOnLine/L5-Swagger,2015-03-16 09:52:17+00:00,1596,1010,PHP,194,8,27,31,2019-11-14 04:11:41+00:00,True,2026-06-23 02:11:15.293438,68,138
OpenConext/OpenConext-engineblock,2012-04-02 11:49:31+00:00,30162,10,PHP,21,35,8,20,2017-11-25 08:38:55+00:00,True,2026-06-23 02:11:31.254032,58,1250
Minds/engine,2016-07-29 12:13:04+00:00,3406,107,PHP,64,7,22,2,2016-08-09 22:18:08+00:00,True,2026-06-23 02:11:35.839327,39,4038
FriendsOfTYPO3/tt_address,2016-02-12 14:34:16+00:00,1830,25,PHP,49,12,13,32,2019-11-14 04:18:46+00:00,True,2026-06-23 02:11:53.608176,83,344
dniccum/nova-documentation,2019-02-12 03:51:36+00:00,663,22,PHP,6,3,2,4,2019-11-14 04:13:38+00:00,True,2026-06-23 02:11:56.094814,12,100
iomad/iomad,2014-01-16 13:01:41+00:00,419019,69,PHP,98,64,35,245,2016-08-10 10:37:58+00:00,True,2026-06-23 02:12:59.327451,1231,27098
symfony/twig-bridge,2011-04-04 12:41:46+00:00,2104,1710,PHP,41,0,10,257,2019-11-14 05:06:37+00:00,True,2026-06-23 02:13:11.723741,291,1035
wprig/wprig,2018-05-14 19:29:28+00:00,677,527,PHP,99,63,68,13,2018-11-09 13:04:12+00:00,True,2026-06-23 02:14:01.612221,41,580
wp-cli/restful,2015-07-27 03:37:41+00:00,138,120,PHP,13,1,16,1,2017-11-24 18:27:41+00:00,True,2026-06-23 02:14:16.239304,22,116
laravel/ui,2019-05-28 21:12:00+00:00,61,425,PHP,55,4,28,14,2019-11-14 04:42:50+00:00,True,2026-06-23 02:14:21.871400,71,264
pixelfed/pixelfed,2018-04-17 01:48:45+00:00,21863,1905,PHP,220,115,84,84,2020-01-07 09:01:35+00:00,True,2026-06-23 02:14:31.875599,225,7765
jelastic-jps/magento-cluster,2016-07-07 14:40:13+00:00,363050,8,PHP,9,1,6,1,2016-08-05 20:38:19+00:00,True,2026-06-23 02:15:01.551480,12,391
in2code-de/in2publish_core,2016-07-27 12:58:54+00:00,4537,35,PHP,13,4,8,11,2019-12-20 14:25:47+00:00,True,2026-06-23 02:15:06.701945,28,2412
vdlp/oc-redirect-plugin,2018-07-18 14:18:13+00:00,264,11,PHP,5,3,9,5,2019-12-04 12:44:35+00:00,True,2026-06-23 02:15:12.291689,18,291
dwightwatson/neontsunami,2014-07-29 05:49:00+00:00,2752,130,PHP,16,0,6,3,2016-11-24 16:50:15+00:00,True,2026-06-23 02:15:18.819454,2,1289
odiseoteam/SyliusVendorPlugin,2017-11-28 05:17:06+00:00,4884,28,PHP,9,2,4,4,2019-12-09 13:55:33+00:00,True,2026-06-23 02:15:29.602610,13,133
symfony/dom-crawler,2011-02-22 18:02:15+00:00,1540,2596,PHP,104,0,32,128,2019-11-14 05:06:32+00:00,True,2026-06-23 02:15:33.949854,178,459
segmentio/analytics-php,2013-01-22 23:41:14+00:00,259,174,PHP,104,6,54,33,2018-05-01 18:26:02+00:00,True,2026-06-23 02:15:39.457419,60,205
Ecodev/graphql-doctrine,2017-08-02 16:19:36+00:00,409,65,PHP,8,2,13,5,2019-11-14 04:14:59+00:00,True,2026-06-23 02:16:04.921166,7,106
mhor/php-mediainfo,2014-12-07 14:52:03+00:00,665,58,PHP,18,3,7,12,2018-09-03 21:37:04+00:00,True,2026-06-23 02:16:06.828154,20,102
Icinga/icingaweb2,2013-10-25 21:39:44+00:00,54124,593,PHP,255,242,91,26,2017-11-24 18:37:18+00:00,True,2026-06-23 02:16:15.510454,166,1895
shopsys/http-smoke-testing,2017-05-23 13:57:14+00:00,100,59,PHP,6,0,8,23,2019-11-14 05:01:27+00:00,True,2026-06-23 02:16:32.937133,26,173
NeoRazorX/facturascripts,2013-04-06 16:53:45+00:00,28193,73,PHP,98,5,23,1,2017-03-07 19:38:22+00:00,True,2026-06-23 02:16:51.124771,128,5737
laravel/installer,2014-08-14 14:57:26+00:00,119,282,PHP,131,0,32,31,2019-11-26 18:02:24+00:00,True,2026-06-23 02:17:12.796322,107,484
contributte/datagrid,2015-12-10 20:59:02+00:00,5074,180,PHP,133,88,20,85,2019-11-28 12:35:39+00:00,True,2026-06-23 02:17:15.727828,168,410
Kunstmaan/KunstmaanAdminBundle,2012-01-12 15:57:36+00:00,16996,58,PHP,30,5,19,72,2019-11-14 04:42:12+00:00,True,2026-06-23 02:17:57.506207,104,219
OXID-eSales/testing_library,2014-12-18 08:59:20+00:00,1467,11,PHP,16,1,36,25,2019-11-14 04:53:38+00:00,True,2026-06-23 02:18:33.050325,45,245
mjaschen/phpgeo,2013-02-12 10:35:37+00:00,634,1177,PHP,158,13,71,10,2019-12-21 08:48:09+00:00,True,2026-06-23 02:19:14.641278,23,244
silverstripe/cwp,2017-12-07 03:35:15+00:00,8297,5,PHP,24,29,14,44,2019-11-14 04:10:51+00:00,True,2026-06-23 02:19:17.307948,70,224
modxcms/fred,2018-01-09 17:58:59+00:00,21306,27,PHP,10,12,18,9,2018-11-18 08:01:25+00:00,True,2026-06-23 02:20:23.601064,28,208
hiqdev/hipanel-core,2015-04-08 15:39:51+00:00,19368,26,PHP,10,1,6,4,2017-03-23 21:53:32+00:00,True,2026-06-23 02:20:27.722026,33,423
NeuBIAS/bise,2018-03-18 01:36:38+00:00,6918,2,PHP,10,8,9,1,2018-03-18 18:37:42+00:00,True,2026-06-23 02:21:02.249418,9,450
FreshRSS/Extensions,2015-01-08 18:12:07+00:00,62,13,PHP,9,3,6,1,2017-11-24 21:36:18+00:00,True,2026-06-23 02:21:14.104365,80,505
spatie/laravel-honeypot,2018-12-20 18:34:04+00:00,80,354,PHP,27,0,8,19,2019-11-14 05:03:57+00:00,True,2026-06-23 02:21:29.520005,64,280
caseyamcl/guzzle_retry_middleware,2017-07-30 01:12:04+00:00,73,33,PHP,10,0,2,8,2019-11-14 03:46:31+00:00,True,2026-06-23 02:21:53.817794,18,119
Sylius/SyliusAddressingBundle,2011-09-09 14:11:59+00:00,1116,33,PHP,25,0,20,73,2019-11-14 05:05:56+00:00,True,2026-06-23 02:22:15.108317,102,141
vincentorback/clean-wordpress-admin,2015-09-14 17:29:04+00:00,71,199,PHP,32,0,22,1,2017-08-31 20:36:44+00:00,True,2026-06-23 02:22:33.797951,5,120
Aerendir/stripe-bundle,2016-09-29 15:45:48+00:00,304,5,PHP,5,22,2,2,2018-09-07 08:34:37+00:00,True,2026-06-23 02:23:11.591283,7,999
opnsense/plugins,2015-07-09 12:13:51+00:00,4310,67,PHP,74,79,21,2,2017-11-24 19:56:03+00:00,True,2026-06-23 02:23:21.055204,449,3444
culqi/culqi-prestashop,2016-05-30 23:13:11+00:00,438,3,PHP,7,5,9,1,2016-05-30 23:14:08+00:00,True,2026-06-23 02:23:48.432353,19,185
alimranahmed/LaraBlog,2016-09-30 05:53:58+00:00,9358,84,PHP,41,3,11,3,2019-11-14 03:04:11+00:00,True,2026-06-23 02:23:55.188752,12,514
stefanzweifel/screeenly,2014-07-13 18:37:11+00:00,35415,131,PHP,30,0,15,1,2016-08-09 21:10:25+00:00,True,2026-06-23 02:24:24.878422,8,112
lorisleiva/laravel-search-string,2018-05-13 17:06:49+00:00,117,438,PHP,17,2,11,5,2019-11-14 04:44:13+00:00,True,2026-06-23 02:24:28.722459,9,128
FreePBX/backup,2014-01-07 20:17:23+00:00,10509,0,PHP,10,0,6,22,2017-10-05 07:37:08+00:00,True,2026-06-23 02:24:44.434328,95,827
zoujingli/WeChatDeveloper,2018-01-26 10:34:51+00:00,284,688,PHP,260,6,47,4,2020-01-04 09:26:16+00:00,True,2026-06-23 02:24:55.116793,18,265
realrashid/sweet-alert,2017-08-31 19:17:09+00:00,2635,458,PHP,67,1,19,7,2020-01-07 19:13:03+00:00,True,2026-06-23 02:24:57.243045,25,118
labriqueinternet/hotspot_ynh,2014-11-02 12:02:55+00:00,2081,14,PHP,10,2,6,7,2017-11-24 22:15:34+00:00,True,2026-06-23 02:25:03.290323,30,284
chinleung/laravel-multilingual-routes,2019-07-29 20:01:31+00:00,54,133,PHP,9,0,2,2,2020-01-10 00:30:09+00:00,True,2026-06-23 02:25:16.953808,14,164
laravel/telescope,2018-08-23 14:34:23+00:00,6267,3479,PHP,319,9,79,95,2019-12-19 14:44:17+00:00,True,2026-06-23 02:25:56.617398,237,762
silverstripe/silverstripe-hybridsessions,2014-08-15 05:05:47+00:00,133,11,PHP,21,1,14,18,2019-11-14 05:02:00+00:00,True,2026-06-23 02:26:00.342342,28,147
datawrapper/datawrapper,2012-07-06 08:54:49+00:00,33470,1011,PHP,238,86,82,25,2016-11-24 16:22:07+00:00,True,2026-06-23 02:26:44.714364,21,484
sybrew/the-seo-framework,2015-12-09 04:09:26+00:00,5780,264,PHP,33,83,26,9,2019-11-14 05:05:42+00:00,True,2026-06-23 02:27:09.445507,15,628
stancl/tenancy,2019-01-17 21:24:23+00:00,939,648,PHP,52,21,32,8,2019-12-06 21:58:44+00:00,True,2026-06-23 02:27:17.485520,80,844
vyuldashev/laravel-queue-rabbitmq,2013-12-06 07:41:08+00:00,396,858,PHP,193,7,30,36,2020-01-11 23:16:43+00:00,True,2026-06-23 02:27:39.736873,88,334
sonata-project/SonataDoctrineORMAdminBundle,2011-11-01 11:12:33+00:00,1694,367,PHP,322,36,47,145,2019-12-23 09:19:11+00:00,True,2026-06-23 02:28:10.466493,203,959
st-universe/core,2019-07-30 18:34:09+00:00,18150,3,PHP,5,21,2,4,2019-10-28 17:04:02+00:00,True,2026-06-23 02:28:42.521481,10,3224
symfony/security-csrf,2013-11-14 12:04:41+00:00,287,771,PHP,6,0,7,22,2019-11-14 05:06:18+00:00,True,2026-06-23 02:29:29.412387,39,226
amphp/http-server,2013-01-30 02:05:18+00:00,14096,1031,PHP,72,3,67,34,2019-11-14 03:05:45+00:00,True,2026-06-23 02:30:01.851693,49,363
vufind-org/vufind,2013-07-26 08:05:45+00:00,344454,175,PHP,252,26,41,104,2019-11-14 05:11:45+00:00,True,2026-06-23 02:30:25.540219,220,5311
ms609/citation-bot,2015-06-06 09:55:48+00:00,9097,16,PHP,17,6,9,3,2016-05-27 14:46:40+00:00,True,2026-06-23 02:30:30.593908,24,10375
vendidero/woocommerce-germanized,2014-09-10 08:08:53+00:00,10567,19,PHP,20,3,14,1,2017-11-24 19:59:40+00:00,True,2026-06-23 02:30:36.878969,20,1240
marketing-factory/oauth2,2018-06-22 13:05:44+00:00,83,6,PHP,5,4,7,4,2019-11-14 04:47:12+00:00,True,2026-06-23 02:31:04.524106,16,104
easy-wi/developer,2013-08-19 21:45:54+00:00,12693,107,PHP,81,72,44,27,2017-06-19 21:39:14+00:00,True,2026-06-23 02:31:11.145812,64,234
giansalex/peru-consult,2017-11-15 21:13:30+00:00,1295,39,PHP,29,0,5,3,2019-11-14 04:20:29+00:00,True,2026-06-23 02:31:38.001705,6,138
donatj/PhpUserAgent,2011-03-28 23:25:33+00:00,272,393,PHP,107,4,36,14,2019-11-14 04:13:54+00:00,True,2026-06-23 02:31:54.249680,21,172
FreePBX/voicemail,2014-01-07 21:49:11+00:00,14684,2,PHP,11,0,10,15,2017-03-19 15:41:08+00:00,True,2026-06-23 02:31:57.891089,76,491
Saeven/zf3-circlical-user,2016-06-29 17:36:15+00:00,189,29,PHP,16,4,7,5,2018-09-07 07:54:12+00:00,True,2026-06-23 02:32:01.744686,9,175
LycheeOrg/Lychee,2018-04-22 20:22:13+00:00,3883,529,PHP,61,37,38,53,2019-04-07 14:45:36+00:00,True,2026-06-23 02:32:14.106002,126,2101
FriendsOfFlarum/gamification,2019-07-09 15:28:40+00:00,659,6,PHP,6,4,2,11,2019-11-14 04:17:55+00:00,True,2026-06-23 02:32:32.653890,36,246
Kunstmaan/KunstmaanNodeBundle,2012-09-21 08:52:01+00:00,1835,24,PHP,17,1,16,57,2019-11-14 04:42:28+00:00,True,2026-06-23 02:32:34.800997,83,144
lekoala/silverstripe-debugbar,2016-06-10 13:26:08+00:00,2065,40,PHP,17,10,5,12,2019-04-05 03:23:10+00:00,True,2026-06-23 02:32:38.855582,28,154
bueltge/remove-comments-absolutely,2011-06-01 14:02:59+00:00,266,83,PHP,18,2,19,5,2017-01-08 15:24:19+00:00,True,2026-06-23 02:33:07.316980,12,139
datenstrom/yellow,2013-04-07 16:57:39+00:00,4409,283,PHP,52,6,39,5,2016-11-24 16:40:38+00:00,True,2026-06-23 02:33:09.898049,19,949
inpsyde/backwpup,2013-09-26 14:32:32+00:00,17802,58,PHP,29,35,22,6,2017-11-24 19:07:16+00:00,True,2026-06-23 02:33:26.197786,30,155
paycoreio/openfintech,2018-09-01 16:28:17+00:00,81837,36,PHP,14,2,11,10,2020-01-13 09:17:10+00:00,True,2026-06-23 02:33:41.133154,113,4349
wp-cli/widget-command,2017-04-12 13:52:09+00:00,8304,5,PHP,7,1,5,213,2019-11-14 05:13:12+00:00,True,2026-06-23 02:33:45.809843,67,145
dustin10/VichUploaderBundle,2011-12-01 22:18:22+00:00,1414,1334,PHP,408,55,40,150,2019-12-07 13:41:35+00:00,True,2026-06-23 02:34:15.771383,234,347
stefandoorn/sitemap-plugin,2017-03-21 15:40:18+00:00,367,42,PHP,14,23,3,10,2019-11-14 05:04:50+00:00,True,2026-06-23 02:34:19.907476,24,214
VSEphpbb/abbc3,2014-03-22 02:21:42+00:00,6545,23,PHP,22,2,14,10,2019-11-14 05:10:54+00:00,True,2026-06-23 02:34:32.068011,19,423
Automattic/vip-go-mu-plugins,2015-03-26 16:42:46+00:00,51440,65,PHP,45,157,125,16,2017-05-16 17:29:31+00:00,True,2026-06-23 02:34:53.420963,170,10165
symfony/var-dumper,2014-09-26 12:08:29+00:00,1741,5948,PHP,64,0,18,92,2019-11-14 05:06:33+00:00,True,2026-06-23 02:34:55.807523,159,1039
u01jmg3/ics-parser,2013-07-10 19:37:21+00:00,719,291,PHP,110,8,26,32,2019-12-03 19:25:54+00:00,True,2026-06-23 02:35:01.815102,57,252
ash-jc-allen/laravel-exchange-rates,2019-10-29 21:30:34+00:00,91,61,PHP,5,1,4,2,2020-01-04 02:54:19+00:00,True,2026-06-23 02:35:23.608326,19,416
laravel/horizon,2017-07-14 15:26:27+00:00,15001,2979,PHP,408,26,92,85,2019-12-23 20:52:40+00:00,True,2026-06-23 02:35:30.855119,240,870
friendsoftwig/twigcs,2015-10-22 08:12:53+00:00,239,115,PHP,16,10,35,15,2019-11-14 04:18:44+00:00,True,2026-06-23 02:35:45.298200,37,329
bozhinov/pChart2.0-for-PHP7,2016-11-24 19:05:48+00:00,8008,49,PHP,30,0,8,0,2017-01-20 23:46:23+00:00,True,2026-06-23 02:35:47.701303,5,231
amphp/process,2015-04-22 14:00:47+00:00,441,71,PHP,12,3,9,9,2019-11-14 03:05:47+00:00,True,2026-06-23 02:35:55.282897,15,124
vlucas/phpdotenv,2013-01-23 06:57:12+00:00,341,10058,PHP,482,0,160,52,2019-12-14 15:15:26+00:00,True,2026-06-23 02:36:14.092164,66,290
guzzle/guzzle,2011-02-28 02:44:05+00:00,9178,18439,PHP,2026,258,477,336,2019-12-30 15:55:34+00:00,True,2026-06-23 02:36:23.365351,420,551
tomaj/nette-api,2015-09-08 11:33:02+00:00,237,23,PHP,12,13,4,6,2019-11-14 05:08:35+00:00,True,2026-06-23 02:36:39.880274,22,162
jeedom-zigate/jeedom-plugin-zigate,2018-02-15 12:27:27+00:00,4118,24,PHP,11,34,9,1,2018-02-15 12:37:04+00:00,True,2026-06-23 02:36:51.773081,9,122
doctrine/migrations,2010-03-23 18:08:24+00:00,3508,2840,PHP,310,40,45,143,2019-11-14 04:14:10+00:00,True,2026-06-23 02:36:59.476772,241,830
pgrimaud/instagram-user-feed,2018-01-05 13:56:49+00:00,225,158,PHP,32,3,15,6,2019-11-14 04:54:46+00:00,True,2026-06-23 02:37:15.280442,41,404
sascha-egerer/phpstan-typo3,2017-10-18 11:38:30+00:00,41,10,PHP,8,0,4,3,2019-12-13 13:49:13+00:00,True,2026-06-23 02:37:17.204303,21,328
tarantool-php/mapper,2016-03-17 12:44:27+00:00,543,63,PHP,5,1,9,3,2019-12-15 19:43:20+00:00,True,2026-06-23 02:37:24.767627,9,147
alexdebril/feed-io,2014-07-16 18:06:55+00:00,899,138,PHP,35,12,12,19,2019-11-27 17:27:08+00:00,True,2026-06-23 02:37:44.604562,41,245
BoldGrid/prime,2016-03-18 16:12:39+00:00,61700,6,PHP,5,5,7,2,2016-05-27 20:39:04+00:00,True,2026-06-23 02:37:49.060768,19,130
SuperPWA/Super-Progressive-Web-Apps,2018-01-15 17:41:08+00:00,492,215,PHP,51,37,21,1,2018-01-30 01:07:16+00:00,True,2026-06-23 02:37:51.239575,18,492
maciejczyzewski/bottomline,2013-12-29 23:43:37+00:00,388,400,PHP,31,0,23,15,2018-09-07 01:38:22+00:00,True,2026-06-23 02:38:23.799829,20,133
contentful/contentful-management.php,2017-04-07 17:03:32+00:00,2134,5,PHP,6,6,36,4,2019-11-14 04:01:31+00:00,True,2026-06-23 02:38:41.793448,18,121
Sajaki/bbguild,2010-11-23 22:06:24+00:00,51476,22,PHP,18,24,12,9,2017-05-08 03:21:18+00:00,True,2026-06-23 02:38:47.183367,14,146
nettrine/dbal,2017-05-16 09:52:02+00:00,1453,10,PHP,14,2,9,12,2020-01-05 22:16:16+00:00,True,2026-06-23 02:38:51.588268,31,167
miraheze/CreateWiki,2015-07-31 21:49:08+00:00,207,5,PHP,11,1,8,13,2017-08-06 16:47:01+00:00,True,2026-06-23 02:39:19.780749,51,1343
spatie/laravel-responsecache,2015-07-16 13:31:04+00:00,221,1305,PHP,128,1,31,45,2019-12-01 20:12:20+00:00,True,2026-06-23 02:39:21.808138,102,251
phpbb-extensions/boardrules,2013-11-04 00:59:29+00:00,1231,16,PHP,26,1,20,14,2017-10-25 04:16:29+00:00,True,2026-06-23 02:39:29.588366,24,124
nette/coding-standard,2016-09-23 10:38:47+00:00,77,29,PHP,5,4,9,6,2019-11-18 23:48:43+00:00,True,2026-06-23 02:39:49.395091,13,137
nicmart/Tree,2013-04-21 10:52:16+00:00,592,408,PHP,52,3,16,7,2016-11-24 13:57:11+00:00,True,2026-06-23 02:40:46.611058,21,773
ronalfy/simple-comment-editing,2013-07-31 14:43:20+00:00,764,10,PHP,7,3,1,3,2017-10-18 22:19:28+00:00,True,2026-06-23 02:40:54.941497,8,177
php-gettext/Gettext,2012-08-22 17:32:16+00:00,1034,510,PHP,113,21,29,47,2019-11-25 22:27:05+00:00,True,2026-06-23 02:41:20.581627,74,117
welaika/wordless,2011-11-14 14:47:49+00:00,12127,1305,PHP,96,3,41,28,2016-11-24 15:25:57+00:00,True,2026-06-23 02:41:23.143020,44,175
opencart/opencart,2011-08-02 07:32:17+00:00,81639,5159,PHP,3908,400,645,308,2019-11-14 04:53:54+00:00,True,2026-06-23 02:41:44.371076,510,11424
benbalter/wordpress-to-jekyll-exporter,2012-08-17 23:04:18+00:00,5423,767,PHP,98,4,64,11,2016-11-24 16:22:10+00:00,True,2026-06-23 02:41:51.186244,29,545
docksal/service-cli,2016-09-26 16:21:58+00:00,351,4,PHP,15,11,4,0,2016-09-26 16:22:10+00:00,True,2026-06-23 02:42:08.472746,26,583
stackkit/laravel-database-emails,2017-06-24 12:21:40+00:00,133,6,PHP,6,0,2,4,2019-11-14 05:04:33+00:00,True,2026-06-23 02:42:21.861562,6,133
bavix/laravel-wallet,2018-11-07 13:45:32+00:00,659,138,PHP,36,1,10,4,2019-12-15 09:14:36+00:00,True,2026-06-23 02:42:33.943923,32,1869
rinvex/laravel-attributes,2017-04-08 08:44:02+00:00,319,202,PHP,42,20,16,6,2019-11-14 04:58:50+00:00,True,2026-06-23 02:43:15.023550,12,118
doctrine/lexer,2013-01-12 18:58:26+00:00,66,8167,PHP,35,3,22,20,2019-11-14 04:13:53+00:00,True,2026-06-23 02:43:31.197884,32,200
ibericode/boxzilla-wp,2014-07-30 19:01:03+00:00,2737,49,PHP,9,33,6,3,2019-08-05 10:08:48+00:00,True,2026-06-23 02:43:43.961453,7,300
elplatt/seltzer,2010-06-18 05:02:10+00:00,1501,83,PHP,49,64,14,7,2017-02-13 22:21:32+00:00,True,2026-06-23 02:43:53.943611,13,265
sbine/bdgt,2015-02-13 21:20:53+00:00,1678,73,PHP,20,0,20,4,2016-08-09 21:11:52+00:00,True,2026-06-23 02:44:08.601260,23,227
Cotonti/Cotonti,2010-10-24 12:17:40+00:00,19031,77,PHP,56,97,31,18,2017-11-24 19:01:01+00:00,True,2026-06-23 02:44:19.404610,52,736
bobthecow/psysh,2012-06-04 17:15:35+00:00,2717,8154,PHP,234,68,103,51,2019-12-06 14:52:26+00:00,True,2026-06-23 02:44:21.868903,101,1056
PHPCompatibility/PHPCompatibility,2012-03-03 23:36:15+00:00,4474,1302,PHP,134,58,56,42,2019-11-14 04:55:34+00:00,True,2026-06-23 02:44:31.248174,63,2810
ohdearapp/ohdear-php-sdk,2017-11-02 21:50:09+00:00,52,28,PHP,5,0,3,3,2019-11-14 04:52:11+00:00,True,2026-06-23 02:44:42.780519,20,294
webasyst/webasyst-framework,2011-06-17 09:59:55+00:00,31264,223,PHP,171,77,55,14,2017-04-01 08:50:28+00:00,True,2026-06-23 02:45:07.245210,22,404
ifacesoft/Ice,2014-01-22 17:34:13+00:00,9224,6,PHP,6,6,3,2,2017-04-13 10:16:41+00:00,True,2026-06-23 02:45:12.142490,9,299
pluginsGLPI/formcreator,2014-07-30 15:23:09+00:00,6070,44,PHP,51,191,28,14,2018-06-21 14:02:10+00:00,True,2026-06-23 02:45:19.505433,52,2328
spatie/laravel-db-snapshots,2017-03-17 09:39:15+00:00,112,543,PHP,57,4,11,22,2019-10-31 20:15:42+00:00,True,2026-06-23 02:45:37.145061,63,237
sonata-project/SonataBlockBundle,2012-02-10 17:02:25+00:00,1954,321,PHP,134,5,32,87,2019-12-30 20:56:48+00:00,True,2026-06-23 02:45:39.249998,108,753
FriendsOfCake/bootstrap-ui,2015-01-01 22:44:43+00:00,798,271,PHP,126,16,43,45,2019-11-14 04:18:51+00:00,True,2026-06-23 02:45:53.763218,73,310
justinrainbow/json-schema,2011-03-16 02:15:33+00:00,877,2516,PHP,290,78,60,96,2019-11-14 04:40:51+00:00,True,2026-06-23 02:45:59.615682,139,184
stayallive/wp-sentry,2016-10-24 14:19:11+00:00,718,95,PHP,16,6,5,8,2019-11-14 05:04:44+00:00,True,2026-06-23 02:46:20.230911,30,444
JBZoo/JBZoo,2018-05-05 21:27:05+00:00,9887,148,PHP,19,11,87,9,2019-11-14 04:39:30+00:00,True,2026-06-23 02:47:10.585357,14,127
nextcloud/bookmarks,2013-04-09 22:09:20+00:00,9033,383,PHP,120,25,99,43,2017-11-24 18:41:16+00:00,True,2026-06-23 02:47:16.431473,121,3200
subugoe/typo3-find,2013-02-19 12:58:01+00:00,3330,15,PHP,15,10,15,10,2019-11-14 05:05:09+00:00,True,2026-06-23 02:47:21.428706,16,128
sanmai/cdek-sdk,2018-09-06 08:05:06+00:00,1069,40,PHP,7,4,7,8,2019-11-14 05:00:01+00:00,True,2026-06-23 02:47:30.832510,19,119
themanaworld/tmwa-server-data,2012-02-02 21:32:39+00:00,72225,40,PHP,85,8,18,53,2017-11-24 19:19:58+00:00,True,2026-06-23 02:47:57.776545,128,944
nextcloud/updater_server,2016-06-21 09:54:51+00:00,334,5,PHP,7,3,10,1,2016-06-21 10:32:18+00:00,True,2026-06-23 02:48:12.652622,21,2020
bugsnag/bugsnag-laravel,2013-11-10 01:13:44+00:00,887,660,PHP,98,7,36,41,2019-11-14 03:41:52+00:00,True,2026-06-23 02:48:16.698661,61,402
markrogoyski/math-php,2016-04-03 17:57:14+00:00,4058,1377,PHP,148,41,76,16,2019-12-04 06:56:35+00:00,True,2026-06-23 02:48:33.007381,26,583
julien-boudry/Condorcet,2014-02-28 23:52:15+00:00,11900,53,PHP,6,1,8,6,2019-12-29 19:47:44+00:00,True,2026-06-23 02:48:37.898477,14,1267
GeniusesOfSymfony/WebSocketBundle,2015-02-08 23:58:21+00:00,985,523,PHP,140,48,27,36,2020-01-07 21:26:49+00:00,True,2026-06-23 02:48:49.868139,52,453
pmmp/PocketMine-MP,2016-09-30 18:29:35+00:00,27939,1659,PHP,1049,210,231,75,2016-11-24 17:29:14+00:00,True,2026-06-23 02:49:36.209522,287,8234
melbahja/seo,2019-03-02 13:18:29+00:00,34,30,PHP,7,0,3,1,2019-11-14 04:46:51+00:00,True,2026-06-23 02:50:15.342382,10,122
rinvex/laravel-support,2016-06-12 13:36:28+00:00,208,20,PHP,9,0,1,2,2019-11-14 04:58:50+00:00,True,2026-06-23 02:51:17.050827,7,307
joomla-framework/utilities,2013-02-24 03:37:06+00:00,155,3,PHP,7,1,10,14,2019-11-14 04:40:06+00:00,True,2026-06-23 02:51:26.533143,25,100
symfony/http-foundation,2011-02-22 18:03:45+00:00,5263,7057,PHP,225,0,39,388,2019-11-14 05:07:17+00:00,True,2026-06-23 02:51:50.324478,585,1569
maximebf/php-debugbar,2013-06-07 17:59:04+00:00,5364,3395,PHP,305,100,81,92,2019-11-14 04:46:48+00:00,True,2026-06-23 02:51:59.781326,170,587
antecedent/patchwork,2010-09-06 13:53:08+00:00,1268,371,PHP,38,18,15,14,2019-11-14 03:08:50+00:00,True,2026-06-23 02:52:07.718459,26,224
laravel-notification-channels/twitter,2016-08-16 19:23:25+00:00,98,91,PHP,18,0,8,13,2019-11-14 04:42:50+00:00,True,2026-06-23 02:52:13.473505,33,107
podio-community/podio-php,2010-12-23 10:13:50+00:00,979,137,PHP,113,35,63,38,2019-11-14 04:56:30+00:00,True,2026-06-23 02:52:17.249506,53,127
top-think/think-orm,2017-10-27 03:59:12+00:00,865,237,PHP,62,20,10,15,2019-11-14 05:08:38+00:00,True,2026-06-23 02:52:47.997980,70,1068
LycheeOrg/Lychee-Laravel,2018-08-08 07:19:08+00:00,26409,86,PHP,33,52,15,2,2018-12-29 22:37:38+00:00,True,2026-06-23 02:53:18.079567,126,2102
owncloud/announcementcenter,2015-02-27 12:18:01+00:00,336,9,PHP,5,13,69,15,2019-07-07 02:13:22+00:00,True,2026-06-23 02:53:40.846140,35,153
mecha-cms/mecha,2014-04-26 05:25:37+00:00,4433,61,PHP,16,0,12,3,2020-01-07 17:21:04+00:00,True,2026-06-23 02:54:03.339978,5,961
GibbonEdu/core,2013-09-11 22:24:34+00:00,191846,121,PHP,114,5,43,4,2017-11-24 18:53:10+00:00,True,2026-06-23 02:54:25.551668,54,3647
Payum/Core,2013-12-03 08:00:54+00:00,1092,28,PHP,15,0,2,42,2019-11-14 04:54:32+00:00,True,2026-06-23 02:54:27.682234,56,127
typemill/typemill,2017-04-12 21:01:11+00:00,9045,66,PHP,11,10,13,0,2017-04-12 21:29:44+00:00,True,2026-06-23 02:55:39.002228,24,883
ezsystems/ezplatform-solr-search-engine,2015-07-17 14:47:46+00:00,934,39,PHP,35,9,24,31,2019-12-23 13:36:51+00:00,True,2026-06-23 02:55:47.878187,49,162
oomphinc/drupal-scaffold,2018-05-23 16:15:09+00:00,61,9,PHP,6,18,20,7,2019-11-14 04:52:42+00:00,True,2026-06-23 02:55:49.874334,21,182
nextras/dbal,2015-01-12 22:15:27+00:00,598,47,PHP,22,10,18,16,2019-11-14 04:50:41+00:00,True,2026-06-23 02:55:59.376488,31,435
KnpLabs/KnpPaginatorBundle,2010-08-24 13:51:40+00:00,515,1182,PHP,295,30,65,148,2019-11-30 12:49:04+00:00,True,2026-06-23 02:56:10.002454,205,202
janephp/janephp,2017-12-03 15:23:12+00:00,1776,155,PHP,43,14,9,22,2019-12-09 19:49:41+00:00,True,2026-06-23 02:56:22.895817,91,1198
mybb/mybb,2012-06-13 10:34:46+00:00,34445,622,PHP,339,231,99,76,2017-05-07 19:16:06+00:00,True,2026-06-23 02:56:36.221898,195,1784
joomla-projects/jorobo,2015-11-01 09:33:49+00:00,203,6,PHP,20,4,17,19,2019-08-23 10:17:04+00:00,True,2026-06-23 02:56:38.178396,28,118
archetyped/simple-lightbox,2013-02-13 00:40:34+00:00,2215,41,PHP,23,74,17,1,2017-11-24 19:54:38+00:00,True,2026-06-23 02:56:51.909159,2,155
wp-cli/scaffold-package-command,2016-03-08 22:24:29+00:00,894,33,PHP,11,12,7,10,2018-09-07 14:03:04+00:00,True,2026-06-23 02:56:59.704665,28,242
lsascha/registeraddress,2016-01-20 15:41:07+00:00,173,6,PHP,15,25,9,6,2019-11-14 02:57:28+00:00,True,2026-06-23 02:57:11.650627,13,125
shiyiya/typecho-theme-sagiri,2018-09-27 09:40:22+00:00,11710,99,PHP,24,0,2,3,2019-12-12 07:32:20+00:00,True,2026-06-23 02:57:14.259830,14,106
symbiote/silverstripe-advancedworkflow,2010-10-12 13:25:38+00:00,2770,42,PHP,61,63,15,60,2019-11-14 05:02:09+00:00,True,2026-06-23 02:57:38.077691,81,350
ucan-lab/laravel-dacapo,2018-10-03 14:08:31+00:00,202,30,PHP,6,6,1,2,2019-11-18 04:32:58+00:00,True,2026-06-23 02:58:20.701692,6,175
Codeception/Codeception,2011-11-30 04:06:44+00:00,71623,3938,PHP,1269,466,161,579,2019-12-21 16:32:51+00:00,True,2026-06-23 02:58:38.789423,842,934
canihavesomecoffee/theTVDbAPI,2017-09-09 21:18:38+00:00,130,10,PHP,5,1,4,3,2020-01-12 02:32:28+00:00,True,2026-06-23 02:58:44.269347,7,106
martindrapeau/csvjson-app,2013-12-17 02:11:54+00:00,1824,212,PHP,58,16,13,1,2017-11-24 19:05:39+00:00,True,2026-06-23 02:58:48.347015,13,103
cloudfoundry/php-buildpack,2014-01-09 13:19:03+00:00,90084,109,PHP,304,18,55,25,2017-11-24 19:04:07+00:00,True,2026-06-23 02:59:02.000088,138,1431
veda-consulting/uk.co.vedaconsulting.gdpr,2017-10-04 09:01:21+00:00,3126,7,PHP,12,12,16,2,2017-10-12 17:05:21+00:00,True,2026-06-23 02:59:04.225810,59,193
FreePBX/sipsettings,2014-01-07 21:36:39+00:00,3298,3,PHP,11,0,6,14,2017-06-21 01:37:07+00:00,True,2026-06-23 02:59:27.733292,62,227
thebigsmileXD/MagicWE2,2017-07-09 23:42:55+00:00,1651,40,PHP,18,6,9,1,2017-07-09 23:43:18+00:00,True,2026-06-23 02:59:33.257109,59,247
co-cart/co-cart,2017-02-09 18:32:00+00:00,1676,111,PHP,26,5,13,10,2019-11-14 03:55:21+00:00,True,2026-06-23 02:59:50.125002,29,2898
benjaminkott/bootstrap_package,2014-03-20 08:14:28+00:00,11773,228,PHP,147,91,48,64,2019-03-10 23:07:43+00:00,True,2026-06-23 03:00:08.950997,114,576
spatie/calendar-links,2017-09-15 09:14:02+00:00,122,338,PHP,53,10,10,17,2019-07-17 10:22:21+00:00,True,2026-06-23 03:00:10.879288,41,289
nunomaduro/phpinsights,2019-03-31 15:04:36+00:00,12745,3207,PHP,143,40,63,40,2019-11-23 20:56:41+00:00,True,2026-06-23 03:00:28.670679,108,218
saintsystems/odata-client-php,2017-02-14 20:29:20+00:00,96,40,PHP,28,13,12,7,2019-11-14 04:59:49+00:00,True,2026-06-23 03:00:37.960285,32,128
mavinoo/laravelBatch,2017-10-07 10:41:01+00:00,52,110,PHP,32,1,4,9,2019-11-14 04:46:31+00:00,True,2026-06-23 03:00:45.300520,37,107
vaimo/composer-patches,2016-02-23 10:04:04+00:00,1410,121,PHP,11,7,10,19,2019-11-14 05:10:06+00:00,True,2026-06-23 03:01:00.076246,45,245
nextcloud/files_antivirus,2016-09-02 08:09:36+00:00,1118,29,PHP,12,11,11,24,2016-10-26 10:41:52+00:00,True,2026-06-23 03:01:14.719536,83,962
glhd/aire,2018-09-14 19:04:40+00:00,1271,210,PHP,13,10,7,6,2019-11-14 04:33:42+00:00,True,2026-06-23 03:01:23.308698,15,196
snc/SncRedisBundle,2010-07-08 21:11:04+00:00,863,922,PHP,293,26,39,108,2019-11-18 07:34:22+00:00,True,2026-06-23 03:01:27.112649,153,199
yajra/laravel-datatables-editor,2017-12-16 02:07:14+00:00,147,71,PHP,6,15,6,3,2019-11-14 05:13:50+00:00,True,2026-06-23 03:01:31.080833,16,153
techdivision/import-product,2016-12-09 11:06:09+00:00,751,4,PHP,7,2,8,4,2019-11-14 05:07:09+00:00,True,2026-06-23 03:01:45.849238,20,232
eventespresso/event-espresso-core,2012-12-20 04:38:57+00:00,81054,76,PHP,52,20,19,17,2017-11-24 19:06:33+00:00,True,2026-06-23 03:03:25.869853,56,1362
toin0u/DigitalOceanV2,2014-06-10 22:18:57+00:00,1232,526,PHP,164,28,41,35,2019-11-14 05:08:24+00:00,True,2026-06-23 03:03:32.532645,68,343
PrestaShop/ps_linklist,2016-03-07 09:37:22+00:00,509,3,PHP,26,11,21,20,2019-11-14 04:56:48+00:00,True,2026-06-23 03:03:42.574812,68,302
shopgate/cart-integration-shopware,2017-08-04 14:37:18+00:00,512,5,PHP,6,0,11,9,2019-09-17 13:45:34+00:00,True,2026-06-23 03:03:52.936889,19,295
phanan/koel,2015-12-06 12:13:19+00:00,7599,10774,PHP,1308,80,337,50,2019-11-14 04:59:48+00:00,True,2026-06-23 03:04:08.343584,102,2195
sonata-project/SonataTranslationBundle,2014-03-03 08:53:20+00:00,846,51,PHP,52,14,24,46,2019-11-14 05:03:32+00:00,True,2026-06-23 03:04:13.457891,68,578
wp-cli/role-command,2017-04-12 13:52:42+00:00,8311,7,PHP,9,1,5,215,2019-11-14 05:13:13+00:00,True,2026-06-23 03:04:42.593574,66,123
presentator/presentator,2017-04-12 17:39:03+00:00,20704,349,PHP,52,7,16,4,2019-11-06 12:34:10+00:00,True,2026-06-23 03:04:53.896327,9,408
robiso/wondercms,2013-12-15 13:27:38+00:00,297,181,PHP,48,10,27,7,2017-05-03 18:42:12+00:00,True,2026-06-23 03:05:17.353847,15,136
kitodo/kitodo-presentation,2012-05-31 11:32:16+00:00,20428,22,PHP,24,10,15,16,2019-12-17 15:13:45+00:00,True,2026-06-23 03:06:16.637153,42,2932
octobercms/october,2013-11-26 23:30:43+00:00,36516,9230,PHP,2037,158,457,350,2019-11-14 04:52:59+00:00,True,2026-06-23 03:06:34.413497,495,7183
jimwins/scat,2010-12-27 05:54:44+00:00,9943,23,PHP,16,0,12,1,2017-11-24 19:59:00+00:00,True,2026-06-23 03:06:42.810782,3,2455
spatie/schema-org,2016-11-24 15:15:37+00:00,1823,644,PHP,82,11,32,16,2019-11-14 05:04:07+00:00,True,2026-06-23 03:06:51.310746,45,272
cloudflare/Cloudflare-WordPress,2016-05-27 22:25:28+00:00,12153,47,PHP,31,26,21,0,2016-05-27 22:26:20+00:00,True,2026-06-23 03:06:58.479153,64,483
ionux/phactor,2015-03-19 17:52:20+00:00,385,35,PHP,11,2,8,2,2017-11-16 09:15:16+00:00,True,2026-06-23 03:07:08.086104,3,117
keesiemeijer/related-posts-by-taxonomy,2013-05-13 06:25:29+00:00,448,17,PHP,5,0,6,1,2017-04-06 13:34:44+00:00,True,2026-06-23 03:07:22.901075,4,142
luyadev/luya-module-cms,2015-01-05 10:51:30+00:00,4932,25,PHP,36,41,14,37,2019-12-13 11:36:16+00:00,True,2026-06-23 03:07:25.437957,63,717
shlinkio/shlink,2016-04-08 18:44:25+00:00,33138,302,PHP,43,24,7,8,2020-01-02 22:27:09+00:00,True,2026-06-23 03:07:29.602657,25,3410
cerbero90/laravel-enum,2019-04-15 13:25:05+00:00,62,108,PHP,9,1,3,2,2019-11-14 03:47:43+00:00,True,2026-06-23 03:07:31.487757,4,139
Bottelet/flarepoint-crm,2016-01-14 22:43:51+00:00,13716,1116,PHP,430,4,130,17,2019-11-14 03:39:54+00:00,True,2026-06-23 03:07:52.943101,33,315
DamienHarper/DoctrineAuditBundle,2018-01-12 14:29:02+00:00,451,140,PHP,47,8,10,18,2019-12-05 23:15:20+00:00,True,2026-06-23 03:07:59.220650,49,337
mercadopago/dx-php,2016-07-22 13:53:01+00:00,1476,63,PHP,54,41,42,13,2019-11-18 20:50:02+00:00,True,2026-06-23 03:08:26.805973,65,603
phpDocumentor/TypeResolver,2015-06-10 19:05:30+00:00,222,7066,PHP,27,5,11,21,2019-11-14 04:55:35+00:00,True,2026-06-23 03:08:32.655759,51,390
wapmorgan/UnifiedArchive,2014-08-14 14:14:57+00:00,340,224,PHP,13,1,13,3,2019-11-14 05:11:15+00:00,True,2026-06-23 03:09:18.255605,12,223
elefan-grenoble/gestion-compte,2017-10-05 20:17:28+00:00,15441,18,PHP,17,47,12,12,2019-07-22 06:39:14+00:00,True,2026-06-23 03:09:49.315879,52,775
spatie/laravel-model-status,2018-01-31 10:20:27+00:00,170,358,PHP,39,1,12,17,2019-09-06 07:11:41+00:00,True,2026-06-23 03:09:51.204395,45,130
flatpressblog/flatpress,2013-09-16 07:49:11+00:00,3395,79,PHP,38,8,23,3,2017-11-24 18:55:35+00:00,True,2026-06-23 03:10:01.499464,23,2898
dereuromark/cakephp-shim,2015-01-27 00:44:45+00:00,667,36,PHP,10,4,2,4,2019-12-27 22:33:28+00:00,True,2026-06-23 03:10:12.106532,11,284
bearframework/bearframework,2016-01-14 07:15:05+00:00,1040,33,PHP,6,1,7,3,2019-11-14 03:26:15+00:00,True,2026-06-23 03:10:34.026005,3,131
FreshRSS/FreshRSS,2012-10-21 16:48:50+00:00,9061,871,PHP,150,178,56,13,2017-11-24 18:52:56+00:00,True,2026-06-23 03:11:01.319668,408,2937
Laracommerce/laracom,2017-08-15 04:38:27+00:00,12215,1024,PHP,608,12,106,25,2019-11-14 04:40:26+00:00,True,2026-06-23 03:11:16.553578,45,154
FreshPorts/freshports,2015-09-12 17:09:54+00:00,6290,21,PHP,6,33,4,3,2017-11-24 19:54:24+00:00,True,2026-06-23 03:11:21.105638,22,1120
lochmueller/staticfilecache,2016-09-06 17:33:21+00:00,3619,84,PHP,32,2,14,33,2019-12-09 08:29:52+00:00,True,2026-06-23 03:11:29.257031,66,643
NamelessMC/Nameless,2015-08-03 18:29:27+00:00,35202,189,PHP,160,53,39,5,2017-11-24 18:50:21+00:00,True,2026-06-23 03:11:42.913528,204,3953
intelligo-systems/laravel-ecommerce,2017-10-27 05:15:49+00:00,53979,99,PHP,47,10,11,8,2019-10-18 08:14:22+00:00,True,2026-06-23 03:12:34.415276,141,8131
opensourcewebsite-org/opensourcewebsite-org,2018-08-16 08:04:10+00:00,454,9,PHP,13,3,2,9,2018-11-15 19:05:39+00:00,True,2026-06-23 03:12:38.837040,65,1213
typecho/typecho,2013-07-17 05:08:35+00:00,8057,6367,PHP,1386,276,322,35,2017-06-24 16:41:56+00:00,True,2026-06-23 03:12:47.269279,93,407
osTicket/osTicket-plugins,2013-11-12 22:17:36+00:00,368,71,PHP,77,84,32,5,2017-11-24 18:58:07+00:00,True,2026-06-23 03:13:00.955434,16,144
phpList/phplist3,2015-03-11 21:42:51+00:00,19491,252,PHP,125,34,23,39,2017-11-24 17:26:49+00:00,True,2026-06-23 03:13:12.051275,100,684
darylldoyle/svg-sanitizer,2015-06-18 22:17:33+00:00,121,213,PHP,18,5,19,7,2019-11-14 04:15:45+00:00,True,2026-06-23 03:13:19.380508,19,117
mage2pro/core,2016-04-06 04:22:34+00:00,7529,6,PHP,9,12,2,3,2019-12-26 12:54:12+00:00,True,2026-06-23 03:13:30.210621,5,6457
SergeyTsalkov/meekrodb,2011-03-01 05:01:27+00:00,187,153,PHP,37,5,25,2,2016-11-24 13:59:04+00:00,True,2026-06-23 03:13:53.310271,8,162
andreknieriem/photobooth,2016-08-23 13:53:21+00:00,926,39,PHP,28,11,18,0,2016-10-18 21:15:46+00:00,True,2026-06-23 03:14:21.461411,31,137
dereuromark/cakephp-setup,2012-02-25 12:53:49+00:00,738,32,PHP,16,3,3,9,2019-12-30 14:46:40+00:00,True,2026-06-23 03:15:16.976811,15,424
symfony/phpunit-bridge,2015-02-21 08:33:37+00:00,670,1593,PHP,36,0,7,71,2019-11-14 05:06:28+00:00,True,2026-06-23 03:15:32.059375,125,858
Seravo/seravo-plugin,2014-11-03 15:50:43+00:00,1121,28,PHP,17,40,9,25,2019-12-12 19:01:06+00:00,True,2026-06-23 03:15:42.353313,44,430
facile-it/paraunit,2015-07-13 08:24:01+00:00,2325,82,PHP,7,4,34,10,2019-11-14 04:16:59+00:00,True,2026-06-23 03:15:44.588103,25,891
wapmorgan/Morphos,2014-11-12 00:23:55+00:00,548,541,PHP,58,2,47,7,2019-11-14 05:11:09+00:00,True,2026-06-23 03:16:08.452630,32,147
munkireport/munkireport-php,2013-10-02 13:35:23+00:00,10542,219,PHP,100,128,79,37,2017-07-08 11:37:17+00:00,True,2026-06-23 03:16:17.126461,89,349
WebPA/WebPA,2014-04-01 16:14:55+00:00,807,19,PHP,19,26,12,10,2019-11-18 11:41:28+00:00,True,2026-06-23 03:16:25.240604,12,275
uepg/laravel-sybase,2015-10-01 19:09:46+00:00,149,23,PHP,6,16,4,8,2019-11-14 05:09:32+00:00,True,2026-06-23 03:16:39.189633,22,119
overtrue/socialite,2015-11-30 15:21:29+00:00,196,859,PHP,155,2,28,23,2019-11-14 04:53:30+00:00,True,2026-06-23 03:16:41.082012,55,123
thephpleague/commonmark,2014-09-07 19:37:12+00:00,2424,1256,PHP,114,3,34,46,2020-01-09 23:30:49+00:00,True,2026-06-23 03:16:57.641588,132,1392
owncloud/notifications,2015-09-01 08:51:54+00:00,621,10,PHP,9,18,62,28,2019-07-07 02:13:37+00:00,True,2026-06-23 03:17:07.126801,57,231
virtUOS/courseware,2015-05-18 14:33:24+00:00,18604,2,PHP,5,14,11,11,2016-08-09 21:12:14+00:00,True,2026-06-23 03:17:19.137864,21,243
lorisleiva/laravel-deployer,2018-03-09 15:28:10+00:00,1945,927,PHP,83,19,33,11,2019-12-27 15:21:25+00:00,True,2026-06-23 03:17:24.806422,27,103
RSS-Bridge/rss-bridge,2013-08-06 21:55:13+00:00,3106,1888,PHP,324,131,82,36,2017-11-24 18:04:06+00:00,True,2026-06-23 03:17:42.515295,410,2125
Project60/org.project60.sepa,2013-04-24 12:36:38+00:00,3359,12,PHP,22,92,19,8,2017-11-24 21:39:11+00:00,True,2026-06-23 03:17:51.883458,58,729
bearsunday/BEAR.Package,2012-10-17 19:05:58+00:00,5231,27,PHP,25,0,15,21,2019-11-14 03:26:03+00:00,True,2026-06-23 03:17:56.829870,32,815
Sylius/SyliusPromotionBundle,2013-02-04 17:18:43+00:00,1186,19,PHP,18,1,13,46,2019-11-14 05:06:25+00:00,True,2026-06-23 03:18:23.988171,63,111
ninggf/wulaphp,2016-05-26 02:54:26+00:00,1583,19,PHP,14,0,5,4,2019-11-14 05:13:37+00:00,True,2026-06-23 03:18:49.341487,7,245
auraphp/Aura.Di,2011-02-17 00:59:18+00:00,710,301,PHP,61,2,27,36,2019-11-14 03:15:59+00:00,True,2026-06-23 03:18:56.146180,43,135
Billplz/Billplz-for-WooCommerce,2016-05-21 04:58:48+00:00,343,6,PHP,5,0,3,1,2016-11-20 08:18:59+00:00,True,2026-06-23 03:19:15.903917,7,206
DoSomething/rogue,2016-07-25 20:38:30+00:00,7402,0,PHP,5,9,11,0,2016-07-25 20:38:47+00:00,True,2026-06-23 03:19:41.804201,23,195
thephpleague/flysystem-aws-s3-v3,2014-11-10 21:23:13+00:00,169,919,PHP,110,14,18,34,2019-11-14 04:43:16+00:00,True,2026-06-23 03:19:58.034624,22,144
phpbb/epv,2014-05-02 18:47:47+00:00,1095,6,PHP,13,12,18,12,2019-11-14 04:55:26+00:00,True,2026-06-23 03:20:00.127893,21,109
joaohf/meta-erlang,2013-09-29 21:07:50+00:00,124,15,PHP,17,3,5,10,2018-04-12 15:37:13+00:00,True,2026-06-23 03:20:17.556979,26,634
pascalbaljetmedia/laravel-ffmpeg,2016-07-29 12:39:24+00:00,5956,429,PHP,67,14,24,8,2019-11-14 04:54:28+00:00,True,2026-06-23 03:20:38.644498,23,246
swarrot/SwarrotBundle,2014-04-22 09:14:52+00:00,262,87,PHP,51,11,3,34,2019-11-14 05:05:32+00:00,True,2026-06-23 03:20:51.492833,51,118
marius-wieschollek/passwords,2017-09-09 15:04:31+00:00,5842,62,PHP,14,15,16,9,2019-04-04 10:50:13+00:00,True,2026-06-23 03:21:01.078568,58,2620
yajra/laravel-datatables,2013-11-27 02:31:18+00:00,2930,3179,PHP,611,523,129,95,2019-12-17 04:19:44+00:00,True,2026-06-23 03:21:13.117827,158,709
NCIOCPL/cgov-digital-platform,2018-11-05 20:32:57+00:00,876,1,PHP,6,25,8,8,2018-12-04 16:24:04+00:00,True,2026-06-23 03:21:28.942805,54,1017
spatie/laravel-html,2017-01-05 13:12:57+00:00,712,409,PHP,57,3,13,33,2019-11-14 05:04:08+00:00,True,2026-06-23 03:22:10.028087,75,262
giansalex/greenter-ws,2017-10-14 16:42:30+00:00,159,3,PHP,8,0,1,2,2019-11-14 04:34:48+00:00,True,2026-06-23 03:22:17.842531,4,110
jhedstrom/DrupalDriver,2014-10-02 09:29:18+00:00,686,51,PHP,73,47,6,58,2019-09-27 19:45:38+00:00,True,2026-06-23 03:22:37.752652,106,198
Automattic/Cron-Control,2016-11-05 03:15:35+00:00,554,38,PHP,5,26,7,1,2017-05-16 08:14:30+00:00,True,2026-06-23 03:23:05.994654,23,207
laravel/envoy,2014-02-08 18:43:03+00:00,630,1246,PHP,158,0,54,53,2019-11-26 18:02:25+00:00,True,2026-06-23 03:23:07.966206,86,195
ampproject/amp-wp,2015-09-22 04:52:15+00:00,24192,1286,PHP,284,116,228,46,2017-03-27 21:04:47+00:00,True,2026-06-23 03:23:29.513127,156,13261
LaravelDaily/laravel-charts,2019-02-17 08:00:28+00:00,47,51,PHP,17,4,9,5,2019-11-04 08:27:58+00:00,True,2026-06-23 03:23:31.576815,27,112
staudenmeir/eloquent-json-relations,2018-10-03 20:42:06+00:00,67,132,PHP,10,1,3,1,2019-09-16 16:40:43+00:00,True,2026-06-23 03:23:33.453733,10,134
mpociot/vat-calculator,2015-08-31 22:23:46+00:00,419,698,PHP,51,23,16,22,2019-11-14 04:48:42+00:00,True,2026-06-23 03:24:28.511857,58,202
illuminate/queue,2012-12-07 17:29:55+00:00,1341,139,PHP,32,0,11,175,2019-12-05 14:06:09+00:00,True,2026-06-23 03:24:36.323944,362,822
AOEpeople/crawler,2015-01-27 04:37:15+00:00,5251,21,PHP,45,23,42,37,2019-11-14 03:09:38+00:00,True,2026-06-23 03:24:41.044316,60,379
wikimedia/mediawiki-extensions-AbuseFilter,2012-11-01 19:03:10+00:00,15021,13,PHP,5,0,4,55,2017-04-20 15:54:39+00:00,True,2026-06-23 03:24:51.368681,241,3272
italia/spid-laravel,2017-12-13 10:54:05+00:00,1062,16,PHP,5,0,8,4,2020-01-12 16:53:46+00:00,True,2026-06-23 03:25:08.403136,12,188
OpenGamePanel/OGP-Website,2016-11-08 19:39:59+00:00,13701,37,PHP,46,1,16,0,2016-11-08 19:40:10+00:00,True,2026-06-23 03:25:13.758403,52,361
stavarengo/php-sigep,2013-08-22 14:55:59+00:00,9072,169,PHP,153,7,37,35,2017-10-25 04:39:56+00:00,True,2026-06-23 03:25:28.194415,87,138
