Name with Owner,Created Timestamp,Size,Stars Count,Language,Forks Count,Open Issues Count,Watchers Count,Contributors Count,License,Last Synced Timestamp,developers_count,commit_count_after_introduction
apple/swift,2015-10-23 21:15:07+00:00,518447,50134,C++,8113,440,2518,417,Apache-2.0,2016-11-24 17:11:17+00:00,1354,178482
htcondor/htcondor,2012-09-14 11:35:15+00:00,201833,152,C++,89,2,28,35,Apache-2.0,2017-11-24 18:51:17+00:00,236,46825
qtumproject/qtum,2017-03-03 08:17:11+00:00,85438,869,C++,212,12,204,399,GPL-3.0,2017-06-28 02:17:20+00:00,1188,46314
cxx-hep/root-cern,2013-04-26 15:36:50+00:00,434087,25,C++,26,0,8,23,LGPL-2.1,2017-11-24 19:58:34+00:00,65,
ElunaLuaEngine/ElunaTrinityWotlk,2013-12-20 19:21:59+00:00,178067,53,C++,106,0,22,315,GPL-2.0,2017-04-12 23:45:40+00:00,874,28239
opencog/atomspace,2015-04-27 16:32:57+00:00,152415,165,C++,115,59,58,65,AGPL-3.0,2017-04-13 08:57:55+00:00,168,
xbmc/libandroidjni,2017-03-18 08:46:37+00:00,434033,15,C++,11,0,59,0,GPL-2.0,2017-03-18 08:46:56+00:00,547,
HTMLCOIN/cpp-ethereum,2017-09-14 15:00:40+00:00,50435,0,C++,6,0,3,0,GPL-3.0,2017-09-14 14:25:09+00:00,148,30488
glotzerlab/hoomd-blue,2018-09-06 11:23:27+00:00,39843,22,C++,5,41,4,43,BSD-3-Clause,2019-04-01 22:50:44+00:00,176,
squid-cache/squid,2014-09-27 00:59:40+00:00,162207,337,C++,129,23,38,61,GPL-2.0,2017-11-24 18:40:39+00:00,290,
Mu2e/Offline,2019-08-16 22:03:57+00:00,39602,0,C++,21,4,6,19,Apache-2.0,2019-10-29 22:40:21+00:00,139,
KDE/kopete,2015-09-18 16:57:27+00:00,45559,12,C++,5,0,0,183,LGPL-2.1,2017-06-04 04:47:07+00:00,337,
eosforce/eosforce,2018-06-22 07:31:32+00:00,129274,36,C++,17,8,6,175,MIT,2018-12-03 09:44:27+00:00,261,15457
MrKepzie/Natron,2013-05-06 20:48:50+00:00,123797,1257,C++,155,190,136,12,GPL-2.0,2017-11-24 18:51:57+00:00,36,
ManaPlus/ManaPlus,2011-08-04 19:28:23+00:00,145108,44,C++,22,8,17,21,GPL-2.0,2017-06-12 19:59:49+00:00,48,
SCIInstitute/SCIRun,2012-02-16 18:51:26+00:00,73532,38,C++,36,323,17,15,MIT,2017-11-24 19:33:19+00:00,54,
ahmedbodi/terracoin,2016-07-02 15:13:33+00:00,60086,0,C++,6,3,4,0,MIT,2016-07-02 15:14:44+00:00,469,
citizenfx/fivem,2017-01-16 21:18:18+00:00,173469,1033,C++,369,28,91,31,MIT,2017-01-19 10:20:30+00:00,336,11578
OtterBrowser/otter-browser,2013-06-04 19:50:01+00:00,58919,856,C++,162,164,114,38,GPL-3.0,2017-11-24 18:38:17+00:00,69,10390
hughperkins/tf-coriander,2016-10-13 11:50:41+00:00,96070,663,C++,80,34,75,437,Apache-2.0,2016-10-17 13:40:19+00:00,490,
stack-of-tasks/pinocchio,2014-10-07 15:42:51+00:00,10086,20,C++,21,31,26,9,LGPL-3.0,2017-11-24 19:26:47+00:00,88,
mangostwo/server,2013-05-30 22:48:07+00:00,343537,69,C++,46,0,34,84,GPL-2.0,2017-11-24 19:06:09+00:00,526,3632
genn-team/genn,2014-09-30 10:22:50+00:00,64051,72,C++,19,27,17,7,GPL-2.0,2017-11-24 19:07:26+00:00,37,
xoreos/xoreos,2010-08-10 00:39:01+00:00,23419,522,C++,89,19,113,24,GPL-3.0,2017-11-24 18:30:23+00:00,37,6740
dariaphoebe/bochs,2009-11-04 18:55:51+00:00,23192,41,C++,17,0,13,0,LGPL-2.1,2017-01-11 23:21:45+00:00,25,
tesseract-ocr/tesseract,2014-08-12 18:04:59+00:00,45733,32078,C++,6055,260,1597,62,Apache-2.0,2016-11-24 16:28:50+00:00,236,6221
GNOME/gnome-commander,2012-06-03 03:43:19+00:00,37776,23,C++,9,0,6,53,GPL-2.0,2017-11-24 19:19:59+00:00,198,
TASVideos/fceux,2018-04-08 23:13:50+00:00,155290,11,C++,7,0,5,0,GPL-2.0,2018-04-08 17:36:17+00:00,94,4425
kimwalisch/primecount,2013-06-09 21:03:30+00:00,3432,75,C++,10,2,13,1,BSD-2-Clause,2017-11-24 19:05:02+00:00,5,
pencil2d/pencil,2013-06-26 20:40:59+00:00,32400,454,C++,113,128,63,29,GPL-2.0,2017-03-24 06:39:57+00:00,81,5207
YosysHQ/nextpnr,2018-08-01 11:39:03+00:00,4716,153,C++,20,20,32,15,ISC,2018-11-26 18:16:24+00:00,114,4803
BoPeng/simuPOP,2016-04-14 02:57:25+00:00,116076,15,C++,6,9,7,1,GPL-2.0,2016-06-15 16:38:51+00:00,14,
arbonagw/HeliumRain,2016-07-18 19:07:36+00:00,28533,198,C++,35,0,32,2,BSD-3-Clause,2016-07-19 04:29:15+00:00,4,4610
Kazade/simulant-engine,2011-12-12 10:05:16+00:00,176928,21,C++,6,13,6,4,LGPL-3.0,2017-04-16 11:38:37+00:00,13,5290
xoseperez/espurna,2018-01-24 13:26:57+00:00,126597,1865,C++,426,299,147,24,GPL-3.0,2018-01-26 03:21:47+00:00,181,4503
DiligentGraphics/DiligentCore,2015-10-15 03:56:34+00:00,14435,87,C++,17,18,13,1,Apache-2.0,2017-09-08 14:36:41+00:00,33,4569
AbePralle/Rogue,2015-01-02 01:05:19+00:00,49790,13,C++,5,0,7,4,Unlicense,2017-11-24 22:09:46+00:00,6,
bbockelm/xrootd_old_git,2012-07-19 19:45:16+00:00,32644,2,C++,5,1,3,0,GPL-3.0,2017-02-12 05:02:30+00:00,26,
NUbots/robocup,2009-11-09 05:34:30+00:00,23557,35,C++,13,28,34,9,GPL-3.0,2017-11-24 19:53:29+00:00,33,
otland/forgottenserver,2013-07-01 01:57:06+00:00,18222,819,C++,642,209,187,73,GPL-2.0,2017-06-27 17:43:01+00:00,195,4003
diasurgical/devilution,2018-04-02 01:01:47+00:00,7198,5847,C++,695,59,232,23,Unlicense,2019-02-20 10:36:17+00:00,65,
vcmi/vcmi_old_mirror,2012-11-22 08:54:13+00:00,26095,51,C++,19,2,25,0,GPL-2.0,2017-11-24 19:03:27+00:00,25,1850
NVIDIA/tensorrt-inference-server,2018-10-04 21:10:30+00:00,6004,814,C++,160,20,60,2,BSD-3-Clause,2018-11-24 15:08:29+00:00,125,
intel/beignet,2016-12-20 11:20:08+00:00,8374,21,C++,12,6,3,0,LGPL-2.1,2016-12-20 13:25:34+00:00,77,3283
interpretml/interpret,2019-05-03 05:47:52+00:00,2726,2224,C++,267,27,106,13,MIT,2019-12-12 09:24:44+00:00,52,
davidgiven/fluxengine,2018-09-22 19:05:57+00:00,5729,104,C++,11,28,21,2,MIT,2019-02-19 18:18:00+00:00,32,
Laidout/laidout,2015-10-10 16:38:57+00:00,7919,28,C++,5,2,10,1,GPL-3.0,2017-11-24 19:56:42+00:00,4,
haiwen/seafile-client,2013-08-05 09:08:07+00:00,18391,263,C++,187,222,52,22,Apache-2.0,2017-11-24 17:51:54+00:00,56,2548
QuasarApp/CQtDeployer,2018-08-17 14:04:32+00:00,4182,46,C++,8,17,5,1,LGPL-3.0,2019-01-02 10:51:47+00:00,19,2373
20tab/UnrealEnginePython,2016-08-07 05:00:51+00:00,99584,957,C++,266,201,126,7,MIT,2016-11-24 17:25:49+00:00,47,2247
Pseudomanifold/Aleph,2016-11-30 08:42:10+00:00,1741,50,C++,11,4,6,0,MIT,2016-11-30 08:42:15+00:00,4,
linuxdeepin/deepin-installer-reborn,2016-08-15 02:34:00+00:00,94518,15,C++,13,5,13,0,GPL-3.0,2016-08-15 02:34:30+00:00,25,
TheQwertiest/foo_spider_monkey_panel,2016-11-15 14:36:12+00:00,8051,70,C++,12,14,9,0,MIT,2017-12-22 20:57:07+00:00,11,2167
yvt/openspades,2013-08-18 06:56:25+00:00,17179,392,C++,126,106,73,27,GPL-3.0,2017-11-24 18:41:44+00:00,80,2166
TUD-OS/seoul,2012-11-08 13:41:07+00:00,7774,25,C++,14,13,12,6,GPL-2.0,2017-11-24 19:21:41+00:00,27,
opengm/opengm,2012-06-01 11:37:44+00:00,11098,302,C++,135,52,45,31,MIT,2017-11-24 18:48:31+00:00,55,
lief-project/LIEF,2017-03-16 14:34:53+00:00,22558,1587,C++,237,68,93,0,Apache-2.0,2017-03-16 14:44:10+00:00,128,2382
beniz/seeks,2014-01-24 10:44:19+00:00,7076,169,C++,36,20,28,5,AGPL-3.0,2017-11-24 18:35:34+00:00,13,
LanguageMachines/frog,2014-06-05 13:39:28+00:00,43259,35,C++,9,13,10,2,GPL-3.0,2017-11-24 19:51:53+00:00,8,
bblanchon/ArduinoJson,2014-01-10 15:54:52+00:00,3721,4026,C++,768,13,204,14,MIT,2019-11-03 01:15:52+00:00,28,
bkaradzic/bx,2012-04-04 03:22:13+00:00,25786,253,C++,180,1,38,37,BSD-2-Clause,2017-10-29 15:18:30+00:00,99,
openzim/libzim,2017-04-08 14:15:14+00:00,2020,21,C++,5,27,9,6,GPL-2.0,2017-04-08 14:17:28+00:00,36,1876
cmderdev/cmder,2013-07-09 07:44:22+00:00,2461,19997,C++,1473,10,597,40,MIT,2017-11-24 18:53:12+00:00,157,
ethz-adrl/towr,2018-01-14 13:53:05+00:00,5363,147,C++,29,9,15,6,BSD-3-Clause,2019-03-06 23:36:31+00:00,12,
laanwj/bitcoin-qt,2011-05-15 17:55:48+00:00,7819,43,C++,22,10,5,69,MIT,2017-11-24 19:29:33+00:00,98,
nieklinnenbank/FreeNOS,2015-03-17 19:03:38+00:00,2889,458,C++,1082,4,66,1,GPL-3.0,2017-08-05 01:43:48+00:00,7,
micro-os-plus/micro-os-plus-iii,2016-01-12 12:14:53+00:00,2800,43,C++,10,9,14,1,MIT,2017-11-24 20:14:18+00:00,7,1564
TheAssemblyArmada/Thyme,2017-01-09 13:06:34+00:00,2364,109,C++,9,12,28,0,GPL-2.0,2017-01-09 13:28:40+00:00,18,
microsoft/Windows-iotcore-samples,2017-10-12 17:52:59+00:00,156334,444,C++,537,3,74,14,MIT,2017-11-28 04:58:47+00:00,59,1524
kinetiknz/cubeb,2011-07-08 04:20:48+00:00,3101,189,C++,57,61,17,44,ISC,2018-02-27 16:55:05+00:00,87,1515
OasisLMF/ktools,2015-03-11 10:23:03+00:00,87224,12,C++,8,3,27,6,BSD-3-Clause,2016-11-15 21:39:37+00:00,38,
hsnr-gamera/gamera,2016-05-08 15:44:28+00:00,10296,22,C++,7,1,7,3,GPL-2.0,2016-05-08 15:49:37+00:00,16,
machinekit/QtQuickVcp,2014-03-12 17:37:36+00:00,5900,55,C++,41,14,32,14,LGPL-2.1,2017-02-01 05:22:05+00:00,36,
blackberry/WebWorks-Community-APIs,2011-08-05 15:58:30+00:00,162197,144,C++,218,53,29,51,Apache-2.0,2016-11-24 16:19:19+00:00,78,
iamsergio/flow-pomodoro,2014-10-31 19:56:35+00:00,1769,48,C++,11,12,9,3,GPL-2.0,2017-11-24 20:01:21+00:00,4,
Wohlstand/libADLMIDI,2015-10-09 22:46:43+00:00,18125,64,C++,6,25,17,6,LGPL-3.0,2020-01-09 08:58:26+00:00,14,
Integreight/1Sheeld-Arduino-Library,2014-08-24 11:39:35+00:00,1199,39,C++,15,1,18,4,LGPL-3.0,2017-08-08 01:34:53+00:00,9,
OpenQBMM/OpenQBMM,2015-09-04 02:15:44+00:00,18978,32,C++,26,4,21,5,GPL-3.0,2018-06-01 15:50:36+00:00,13,
yast/yast-pkg-bindings,2012-05-18 10:25:31+00:00,12637,1,C++,7,1,22,16,GPL-2.0,2019-01-10 04:36:28+00:00,29,
Mezomish/juffed,2012-01-30 03:44:40+00:00,9427,43,C++,17,45,13,11,GPL-2.0,2017-11-24 19:52:15+00:00,22,
equinor/dlisio,2018-07-03 22:16:39+00:00,1520,24,C++,17,49,8,7,LGPL-3.0,2019-12-19 12:33:50+00:00,9,1159
aportale/posterazor,2009-04-02 17:40:49+00:00,4789,18,C++,6,3,8,3,GPL-3.0,2017-01-15 09:21:48+00:00,5,
0ldsk00l/nestopia,2012-09-03 21:58:11+00:00,4528,240,C++,108,36,31,19,GPL-2.0,2017-11-24 18:50:50+00:00,10,
ewasm/hera,2016-08-21 12:58:03+00:00,973,116,C++,34,29,17,1,Apache-2.0,2016-08-21 13:01:42+00:00,16,
electroneum/electroneum-blockchain-explorer,2017-11-22 15:03:59+00:00,296,7,C++,21,1,5,1,BSD-3-Clause,2017-12-02 13:14:25+00:00,24,1069
mabseher/htd,2015-12-01 09:49:51+00:00,5437,9,C++,5,1,5,1,GPL-3.0,2017-12-11 18:44:46+00:00,2,1059
Tom94/tev,2017-08-26 10:28:43+00:00,3878,102,C++,9,7,6,1,BSD-3-Clause,2017-08-30 21:17:09+00:00,25,1089
janba/DSC,2013-06-10 12:32:27+00:00,28824,16,C++,11,5,9,4,GPL-3.0,2017-11-25 04:18:39+00:00,7,1037
Cyberbeing/xy-VSFilter,2012-08-20 17:27:34+00:00,17316,389,C++,42,3,41,9,GPL-2.0,2017-11-24 18:50:21+00:00,17,
infphilo/hisat2,2015-06-18 19:40:34+00:00,16169,181,C++,59,85,40,5,GPL-3.0,2017-11-24 18:26:33+00:00,17,
SharpGenTools/SharpGenTools,2017-05-27 21:50:03+00:00,103648,170,C++,13,31,13,15,MIT,2019-11-22 10:18:48+00:00,23,
hzeller/beagleg,2014-01-01 01:10:20+00:00,13314,66,C++,25,7,23,2,GPL-3.0,2017-11-24 19:03:25+00:00,5,
yourWaifu/sleepy-discord,2016-08-02 05:57:38+00:00,5624,189,C++,33,54,13,1,MIT,2016-08-02 19:17:52+00:00,27,
MBach/Miam-Player,2012-03-13 12:27:00+00:00,256579,49,C++,14,18,9,8,GPL-3.0,2017-03-17 22:37:11+00:00,12,982
apache/incubator-quickstep,2016-04-14 07:00:07+00:00,12007,77,C++,57,4,19,11,Apache-2.0,2016-05-27 15:43:39+00:00,34,
thjaeger/easystroke,2008-09-24 03:18:41+00:00,2831,172,C++,31,5,18,6,ISC,2017-09-05 23:36:41+00:00,8,
Intermodalics/tango_ros,2016-11-22 15:17:46+00:00,38406,57,C++,23,53,21,0,Apache-2.0,2017-01-25 07:40:28+00:00,11,
taocpp/taopq,2016-03-27 15:40:57+00:00,379,77,C++,15,3,10,1,MIT,2016-08-05 19:16:10+00:00,7,
hzeller/rpi-rgb-led-matrix,2013-02-16 23:19:25+00:00,21849,1571,C++,602,204,141,13,GPL-2.0,2017-11-24 18:51:08+00:00,67,
arq5x/bedtools,2011-01-03 02:43:36+00:00,510588,121,C++,73,46,21,24,GPL-2.0,2017-03-08 04:18:31+00:00,28,
intel/parallelstl,2017-09-20 21:54:13+00:00,440,329,C++,23,4,35,1,Apache-2.0,2017-10-11 17:58:08+00:00,59,
martinmoene/gsl-lite,2015-09-24 16:34:57+00:00,899,417,C++,57,30,31,24,MIT,2019-05-15 13:38:39+00:00,40,
griffithlab/regtools,2015-05-18 20:46:35+00:00,6099,21,C++,14,23,5,3,MIT,2017-11-24 21:37:27+00:00,14,
etr/libhttpserver,2012-02-11 18:25:39+00:00,1807,211,C++,65,24,28,17,LGPL-2.1,2018-02-27 16:53:37+00:00,35,
wanderine/BROCCOLI,2013-04-30 14:41:51+00:00,2478631,87,C++,29,12,18,3,GPL-3.0,2017-11-24 19:03:40+00:00,10,
qicosmos/iguana,2017-01-07 01:02:28+00:00,550,130,C++,30,2,19,0,Apache-2.0,2017-01-07 01:22:24+00:00,33,1012
leela-zero/leela-zero,2017-10-24 18:19:43+00:00,3674,3711,C++,782,310,291,2,GPL-3.0,2017-11-02 04:09:07+00:00,70,
swri-robotics/mapviz,2014-12-04 17:29:22+00:00,1617,122,C++,72,30,20,8,BSD-3-Clause,2017-04-11 09:04:10+00:00,40,
j0sh/crtmpserver,2012-04-12 20:39:36+00:00,11183,293,C++,151,8,32,2,GPL-3.0,2017-07-08 23:36:50+00:00,10,
openconnect/openconnect-gui,2014-08-14 15:05:27+00:00,102341,393,C++,75,35,61,3,GPL-2.0,2017-11-24 18:41:55+00:00,16,
openigtlink/OpenIGTLink,2011-07-28 21:55:27+00:00,3325,33,C++,87,37,12,10,BSD-3-Clause,2017-11-24 19:31:54+00:00,41,
microsoft/DirectX-Graphics-Samples,2015-06-03 21:34:47+00:00,214130,2787,C++,1052,75,426,10,MIT,2018-01-17 10:50:02+00:00,67,
tessel/node-usb,2012-04-29 17:23:53+00:00,692,878,C++,199,47,40,26,MIT,2019-11-28 01:53:51+00:00,52,
arrayfire/forge,2015-05-19 17:50:08+00:00,2919,55,C++,28,17,17,14,BSD-3-Clause,2017-08-07 20:45:01+00:00,17,
abbeycode/UnrarKit,2014-03-05 01:24:53+00:00,82923,189,C++,51,1,9,6,BSD-2-Clause,2019-11-26 14:09:09+00:00,12,
ros2/demos,2015-07-17 17:24:00+00:00,1498,17,C++,24,7,20,5,Apache-2.0,2017-11-24 21:40:53+00:00,86,730
parro-it/libui-node,2016-05-21 15:38:05+00:00,1476,1490,C++,65,31,69,9,MIT,2018-09-05 18:59:23+00:00,14,
sskodje/ScreenRecorderLib,2018-01-01 12:58:14+00:00,325,51,C++,6,0,10,3,MIT,2019-11-07 19:18:42+00:00,12,740
jrl-umi3218/RBDyn,2012-03-16 15:22:12+00:00,2075,23,C++,10,6,13,6,LGPL-3.0,2016-05-18 17:14:29+00:00,22,655
quangounet/TOPP,2013-07-25 03:10:20+00:00,5998,31,C++,26,12,12,6,LGPL-3.0,2017-11-24 19:52:03+00:00,16,
webchain-network/webchain-miner,2018-04-30 12:11:45+00:00,1783,15,C++,16,6,7,11,GPL-3.0,2019-03-26 22:39:23+00:00,22,
esphome/esphome-core,2018-01-21 17:43:42+00:00,7116,560,C++,99,14,54,33,GPL-3.0,2019-04-02 02:00:47+00:00,33,604
fathomssen/redtimer,2016-03-09 16:41:19+00:00,22706,35,C++,8,38,12,1,LGPL-3.0,2017-11-24 20:16:42+00:00,4,
apple/apple-llvm-infrastructure-tools,2019-07-11 05:48:56+00:00,673,3,C++,6,4,6,4,Apache-2.0,2019-10-29 00:00:52+00:00,8,
Samsung/vasum,2015-05-22 06:37:20+00:00,14620,21,C++,6,0,14,11,Apache-2.0,2017-11-24 19:15:39+00:00,16,584
kingsamchen/Eureka,2015-09-22 01:27:05+00:00,16042,6,C++,5,0,1,1,MIT,2018-08-21 19:45:19+00:00,4,589
shadowsocks/libQtShadowsocks,2014-11-11 22:29:32+00:00,4936,1287,C++,601,29,113,1,LGPL-3.0,2017-11-24 18:49:48+00:00,6,572
DragonBones/DragonBonesCPP,2014-04-18 04:28:28+00:00,16712,287,C++,183,33,90,15,MIT,2017-06-29 06:36:37+00:00,27,
aevum/libgdx-cpp,2011-08-17 17:29:55+00:00,5561,136,C++,29,5,28,6,Apache-2.0,2017-11-24 18:40:56+00:00,9,554
matrix-io/matrix-creator-malos,2016-08-12 13:50:33+00:00,760,21,C++,13,17,25,2,GPL-3.0,2016-08-13 16:58:39+00:00,17,
tiborgo/AlloStreamer,2015-05-17 04:53:11+00:00,754959,3,C++,8,2,2,5,BSD-3-Clause,2017-07-02 13:36:42+00:00,6,544
NVIDIA/TensorRT,2019-05-02 22:02:08+00:00,1033,1751,C++,335,74,88,5,Apache-2.0,2019-10-24 12:11:00+00:00,91,563
bitshares/bitshares1-qtwallet,2014-05-21 02:55:59+00:00,3215,10,C++,31,14,32,18,Unlicense,2017-03-01 11:21:54+00:00,23,541
DualSPHysics/DualSPHysics,2017-11-22 10:00:57+00:00,176078,11,C++,12,1,6,1,LGPL-2.1,2017-12-11 02:37:32+00:00,14,
ddmarshall/Code-Eli,2013-01-16 01:24:34+00:00,1679,1,C++,6,27,2,2,EPL-1.0,2016-05-27 15:42:39+00:00,3,
floe/tisch-core,2013-04-24 10:54:39+00:00,7726,7,C++,5,1,2,2,LGPL-3.0,2018-01-22 20:37:43+00:00,4,
asmjit/asmjit,2014-01-28 21:47:50+00:00,4763,1426,C++,202,33,125,10,Zlib,2017-11-24 18:47:43+00:00,50,537
yandex/libmastermind,2014-08-28 16:53:29+00:00,691,5,C++,7,0,13,8,GPL-2.0,2019-10-20 10:37:37+00:00,11,
naihe2010/apvlv,2011-06-07 08:55:09+00:00,9766,140,C++,28,15,13,12,GPL-2.0,2017-08-28 02:44:41+00:00,25,
vgmoose/hb-appstore,2018-03-03 13:45:56+00:00,2119,282,C++,32,21,46,1,GPL-3.0,2018-03-06 01:54:11+00:00,19,
vogel/injeqt,2014-06-05 08:27:06+00:00,757,66,C++,9,3,10,3,LGPL-2.1,2016-05-27 17:15:36+00:00,7,493
boostorg/uuid,2013-01-13 15:59:20+00:00,450,36,C++,40,8,16,20,BSL-1.0,2017-11-25 10:32:19+00:00,28,
RGF-team/rgf,2016-06-08 15:48:42+00:00,5284,263,C++,44,9,12,8,GPL-3.0,2018-06-16 14:51:19+00:00,11,
vslavik/xmlwrapp,2011-07-11 11:52:53+00:00,2000,15,C++,8,3,5,5,BSD-3-Clause,2017-11-24 23:55:16+00:00,14,
TU-Berlin-DIMA/myriad-toolkit,2011-09-22 19:15:06+00:00,10595,19,C++,6,2,15,2,Apache-2.0,2017-10-25 05:28:21+00:00,2,
demianmnave/CML,2017-08-21 20:33:13+00:00,1559,13,C++,5,5,4,3,BSL-1.0,2017-09-06 01:43:22+00:00,6,
lirios/text,2016-02-03 20:12:22+00:00,749,28,C++,8,14,11,3,GPL-3.0,2017-08-20 02:50:45+00:00,5,468
Wunderfitz/harbour-piepmatz,2017-02-07 21:34:40+00:00,4321,27,C++,5,6,9,0,GPL-3.0,2017-02-07 21:43:36+00:00,15,
lltcggie/waifu2x-caffe,2015-05-28 16:35:59+00:00,318737,3165,C++,408,44,252,3,MIT,2017-11-24 18:52:16+00:00,22,
eliboa/NxNandManager,2019-02-05 22:32:47+00:00,23435,66,C++,9,2,5,2,GPL-2.0,2019-10-28 17:43:47+00:00,7,467
larroy/clearskies_core,2014-01-24 00:32:02+00:00,6416,132,C++,16,11,35,7,LGPL-3.0,2017-11-24 18:40:20+00:00,8,
maddinat0r/samp-discord-connector,2016-11-03 14:21:52+00:00,355,30,C++,12,12,14,1,MIT,2016-11-10 10:55:46+00:00,11,448
torrent-file-editor/torrent-file-editor,2014-11-19 12:05:18+00:00,1580,235,C++,26,19,23,1,GPL-3.0,2017-11-24 18:54:26+00:00,11,
irobot-ros/ros2-performance,2019-04-10 22:54:19+00:00,1433,21,C++,9,0,14,5,BSD-3-Clause,2019-11-01 05:44:13+00:00,19,
panzi/Yakuake,2009-11-14 22:58:34+00:00,693,13,C++,5,0,8,24,GPL-2.0,2017-08-18 14:56:21+00:00,30,
Netis/packet-agent,2018-06-22 10:08:33+00:00,2508,33,C++,6,0,5,7,BSD-3-Clause,2018-10-10 00:04:30+00:00,20,
ucsb-cs16-wi17/ucsb-cs16-wi17.github.io,2016-12-17 00:56:33+00:00,91236,0,C++,10,0,0,0,MIT,2016-12-17 00:56:42+00:00,7,
fpoussin/QtUsb,2014-04-15 08:59:58+00:00,1110,131,C++,58,1,17,2,LGPL-3.0,2017-11-24 20:10:40+00:00,13,
classner/fertilized-forests,2014-11-21 14:38:07+00:00,23107,32,C++,10,1,2,1,BSD-2-Clause,2017-11-24 19:55:37+00:00,3,
roymacdonald/ofxSoundObjects,2015-08-27 21:26:14+00:00,3856,25,C++,10,4,6,1,MIT,2017-11-24 19:58:37+00:00,9,
apolukhin/Boost-Cookbook,2014-03-01 07:29:26+00:00,4489,225,C++,71,0,23,2,BSL-1.0,2017-07-15 10:36:38+00:00,4,414
Team612/612-2017,2017-01-04 20:43:27+00:00,4442,5,C++,5,9,12,0,GPL-3.0,2017-01-04 22:02:24+00:00,22,
ksundberg/CourseMaterials,2016-08-17 07:57:02+00:00,2109,2,C++,41,7,1,3,MIT,2017-03-29 22:29:08+00:00,40,388
BITERP/PinkRabbitMQ,2019-07-24 20:21:58+00:00,38436,79,C++,43,6,13,3,MIT,2019-10-24 18:48:20+00:00,14,454
videolan/libvlcpp,2018-06-06 09:33:10+00:00,434,13,C++,10,0,7,8,LGPL-2.1,2019-06-22 15:30:44+00:00,17,384
euroelessar/jreen,2011-05-19 05:31:45+00:00,1846,30,C++,18,10,7,11,GPL-3.0,2016-05-27 18:16:16+00:00,16,
ethz-asl/traversability_estimation,2015-03-03 14:16:40+00:00,325,14,C++,9,1,22,6,BSD-3-Clause,2016-08-01 00:20:30+00:00,21,
minimoog/QTweetLib,2010-06-09 09:22:21+00:00,1772,89,C++,24,8,14,6,Apache-2.0,2016-05-27 14:58:47+00:00,9,
mathLab/pi-BEM,2016-07-15 13:47:05+00:00,654,4,C++,6,4,5,3,GPL-2.0,2016-07-15 15:03:24+00:00,6,
Superjomn/SwiftSnails,2014-11-05 09:21:10+00:00,29549,58,C++,29,2,7,2,Apache-2.0,2017-10-29 18:32:59+00:00,2,
mupuf/arduide,2015-05-31 13:54:28+00:00,4180,11,C++,10,3,5,11,GPL-2.0,2017-11-24 23:45:47+00:00,17,
libretro/dosbox-libretro,2012-10-24 21:30:24+00:00,2047,45,C++,35,44,17,8,GPL-2.0,2017-11-24 19:20:05+00:00,37,
LiangliangNan/PolyFit,2017-07-27 23:20:01+00:00,11186,128,C++,37,0,12,1,GPL-3.0,2017-07-27 23:08:26+00:00,6,
RSATom/WebChimera.js,2015-05-14 19:06:26+00:00,274,526,C++,69,26,52,4,LGPL-2.1,2017-11-24 18:27:16+00:00,12,
vasild/cpp-ipfs-http-client,2016-10-30 10:11:35+00:00,607,76,C++,33,7,11,0,MIT,2016-10-30 10:13:22+00:00,8,
aldebaran/libalmath,2011-12-13 14:07:54+00:00,1125,4,C++,6,0,28,12,BSD-3-Clause,2020-01-05 00:38:36+00:00,30,
Greedysky/TTKOCR,2017-10-12 15:14:49+00:00,688,35,C++,20,1,4,1,GPL-3.0,2017-10-12 15:23:12+00:00,5,
msoeken/cirkit,2014-05-08 12:39:14+00:00,16585,43,C++,23,16,13,6,MIT,2019-02-08 14:18:49+00:00,3,
zach-hartwig/ADAQAcquisition,2014-12-06 23:04:43+00:00,4211,4,C++,6,8,3,2,GPL-3.0,2019-09-25 01:54:14+00:00,4,
sandstorm-io/ekam,2015-01-20 05:04:16+00:00,1823,157,C++,15,6,14,3,Apache-2.0,2017-11-24 18:34:07+00:00,17,304
the-darkvoid/BrcmPatchRAM,2014-12-02 17:39:20+00:00,15013,77,C++,68,8,18,4,GPL-2.0,2017-08-29 04:47:37+00:00,7,
luispedro/imread,2012-02-01 19:23:51+00:00,588,37,C++,13,2,6,6,MIT,2018-05-09 16:33:04+00:00,13,
miguelmartin75/anax,2013-04-06 05:22:52+00:00,6914,340,C++,33,29,28,8,MIT,2017-05-06 21:06:28+00:00,17,305
sgajaejung/3D-Lecture,2014-04-29 22:25:54+00:00,56455,2,C++,6,0,2,2,MIT,2018-02-19 23:29:06+00:00,4,
WebAssembly/wasmint,2015-06-19 13:54:10+00:00,694,55,C++,8,4,16,2,Apache-2.0,2017-11-24 19:37:46+00:00,4,
dwavesystems/dwave-tabu,2018-08-28 02:14:30+00:00,137,5,C++,9,5,4,3,Apache-2.0,2019-12-13 02:43:03+00:00,6,
svkaiser/Doom64EX,2014-03-24 02:11:51+00:00,12190,70,C++,10,11,13,3,GPL-2.0,2017-01-27 02:21:22+00:00,19,
hongliuliao/ehttp,2014-10-26 13:38:39+00:00,2025,139,C++,71,0,14,2,Apache-2.0,2017-06-25 22:36:43+00:00,8,
martinmoene/string-view-lite,2017-12-13 20:01:02+00:00,181,152,C++,12,6,9,4,BSL-1.0,2020-01-11 19:37:57+00:00,12,
mpoeter/xenium,2018-08-29 16:07:43+00:00,743,56,C++,6,2,7,1,MIT,2019-02-14 07:47:23+00:00,7,
tomaka/luawrapper,2013-08-30 07:49:03+00:00,389,69,C++,33,16,13,3,BSD-3-Clause,2017-08-01 23:39:25+00:00,4,
ChrisVeigl/BrainBay,2010-07-10 15:59:22+00:00,90614,68,C++,29,7,22,2,GPL-2.0,2017-11-24 19:02:39+00:00,6,
InsightSoftwareConsortium/ITKTextureFeatures,2017-03-21 18:05:41+00:00,962,5,C++,5,1,16,1,Apache-2.0,2017-03-30 02:59:58+00:00,13,
forefireAPI/firefront,2014-02-27 13:34:40+00:00,370,1,C++,5,0,3,0,GPL-2.0,2017-01-11 12:58:01+00:00,20,
abadams/ImageStack,2015-03-04 16:39:45+00:00,10379,44,C++,18,4,8,1,BSD-3-Clause,2017-11-24 19:56:07+00:00,9,
nholthaus/gtest-runner,2016-02-28 19:31:04+00:00,2537,87,C++,24,3,7,1,MIT,2017-09-04 06:36:37+00:00,10,259
ArsenArsen/KShare,2017-04-23 13:08:03+00:00,961,113,C++,15,9,13,1,MIT,2017-04-23 13:11:04+00:00,5,254
mattn/tinytinyhttpd,2009-06-05 03:36:28+00:00,1807,65,C++,14,1,15,4,BSD-2-Clause,2017-11-24 18:56:47+00:00,4,
Dynatrace/ufo-esp32,2017-04-05 11:58:30+00:00,9483,7,C++,11,7,10,3,MIT,2017-06-09 08:39:23+00:00,10,
RoutingKit/RoutingKit,2016-04-27 13:03:36+00:00,347,108,C++,27,26,22,6,BSD-2-Clause,2018-12-18 03:36:54+00:00,15,
SuperV1234/ecst,2016-05-03 12:57:30+00:00,824,312,C++,32,14,28,4,AFL-3.0,2018-10-20 21:47:53+00:00,5,248
g4klx/ircDDBGateway,2018-05-09 18:24:17+00:00,892,14,C++,15,5,5,5,GPL-2.0,2019-04-21 15:19:28+00:00,19,
AvtechScientific/ASL,2015-05-09 18:39:02+00:00,25309,52,C++,19,6,12,5,AGPL-3.0,2017-04-04 07:51:29+00:00,10,
atom/node-spellchecker,2013-03-23 12:01:50+00:00,6748,228,C++,88,61,21,23,MIT,2020-01-09 08:18:57+00:00,30,
OpenGarage/OpenGarage-Firmware,2016-03-12 03:19:05+00:00,7814,67,C++,38,1,32,0,GPL-3.0,2017-11-24 20:15:04+00:00,10,
Open-Transactions/opentxs-cli,2016-09-07 22:31:36+00:00,749,2,C++,8,0,5,2,AGPL-3.0,2016-11-26 18:23:20+00:00,10,
sidsukana/QSpellWork,2014-02-07 14:30:18+00:00,21344,15,C++,13,5,14,1,MIT,2016-05-27 17:27:13+00:00,8,
jshun/ligra,2014-09-23 00:55:23+00:00,11316,225,C++,80,5,30,5,MIT,2017-05-07 16:58:15+00:00,10,
ariya/screenie,2008-06-02 12:53:33+00:00,1416,29,C++,10,2,5,4,GPL-2.0,2017-11-24 19:21:37+00:00,7,
Phyronnaz/Voxel,2017-11-10 21:58:04+00:00,3438,29,C++,12,1,16,2,MIT,2017-11-30 18:24:36+00:00,3,228
tallbl0nde/NX-Activity-Log,2019-10-02 02:20:50+00:00,226,34,C++,5,3,5,2,MIT,2019-11-02 22:40:41+00:00,8,227
int32bit/leetcode,2015-04-10 00:50:18+00:00,482,93,C++,40,0,12,1,MIT,2017-11-24 20:07:06+00:00,2,
svn2github/crashrpt,2014-04-12 23:01:09+00:00,8364,10,C++,6,0,3,0,BSD-3-Clause,2016-05-28 09:34:36+00:00,4,
oe1wkl/Morserino-32,2018-12-01 13:03:00+00:00,33788,31,C++,19,6,12,4,GPL-3.0,2019-11-02 20:12:34+00:00,18,
microsoft/SPTAG,2018-09-12 10:42:51+00:00,678,3536,C++,401,49,147,13,MIT,2019-11-07 20:18:32+00:00,41,220
linuxdeepin/deepin-repair-tools,2018-01-02 05:33:26+00:00,977,2,C++,5,0,17,1,GPL-3.0,2018-01-02 05:34:22+00:00,10,
Huelse/pyseal,2019-07-15 09:16:52+00:00,7907,23,C++,5,1,4,0,MIT,2019-11-01 13:03:49+00:00,12,221
vgmoose/libget,2017-02-13 03:54:59+00:00,352,18,C++,6,7,4,1,GPL-3.0,2018-02-05 04:24:26+00:00,11,220
fairygui/FairyGUI-cocos2dx,2015-10-21 07:57:15+00:00,16670,232,C++,18,0,12,1,MIT,2017-11-24 18:52:47+00:00,23,
buzz/mediainfo.js,2016-02-23 12:56:13+00:00,7064,39,C++,6,5,2,2,BSD-2-Clause,2016-12-21 15:19:24+00:00,14,
mt8163/android_device_amazon_karnak,2019-04-20 09:23:14+00:00,142123,20,C++,5,8,14,4,GPL-2.0,2019-11-17 09:22:10+00:00,62,
yixuan/LBFGSpp,2016-08-05 00:40:07+00:00,234,31,C++,8,0,1,1,MIT,2016-11-16 16:17:38+00:00,6,
vpetrigo/caches,2016-05-17 16:43:53+00:00,37,55,C++,11,3,8,1,BSD-3-Clause,2016-05-19 16:54:34+00:00,7,
jasonfish4/RVDbg,2017-09-24 05:18:03+00:00,69,20,C++,7,2,4,1,MIT,2017-10-15 19:14:01+00:00,2,
apache/cordova-ubuntu,2013-11-27 08:00:14+00:00,553,26,C++,39,2,31,10,Apache-2.0,2017-11-24 19:14:47+00:00,16,
carsonip/Penguin-Subtitle-Player,2015-02-24 09:20:02+00:00,3743,137,C++,21,13,14,4,GPL-3.0,2017-02-10 20:21:52+00:00,14,
bitdefender/simpletracer,2018-06-21 13:38:27+00:00,309,4,C++,6,1,4,5,MIT,2019-11-19 17:10:10+00:00,7,
leafo/itchio-app-old,2014-09-22 02:27:37+00:00,1309,46,C++,6,8,10,7,MIT,2017-11-24 19:02:56+00:00,9,196
floe/surface-2.0,2012-05-10 14:00:45+00:00,4299,34,C++,6,2,4,1,GPL-2.0,2017-11-24 20:06:01+00:00,3,
AlexandreCampo/useTracker,2015-02-04 19:15:34+00:00,748,9,C++,5,3,1,1,GPL-3.0,2016-06-10 14:44:30+00:00,3,
sboli/twmn,2011-08-16 18:17:09+00:00,807,310,C++,29,14,14,7,LGPL-3.0,2017-11-24 18:45:24+00:00,18,
wireapp/node-addressbook,2016-01-21 16:33:56+00:00,36,17,C++,7,0,11,1,GPL-3.0,2016-06-20 18:48:36+00:00,11,
SkyFireArchives/SkyFireEMU_434,2012-07-28 01:20:01+00:00,22905,18,C++,10,0,26,7,GPL-3.0,2017-08-03 22:40:40+00:00,10,
nehmeier/libieeep1788,2013-02-26 12:57:40+00:00,1700,19,C++,5,7,3,3,Apache-2.0,2017-11-24 23:29:08+00:00,4,
arvidn/libsimulator,2015-07-04 20:54:59+00:00,355,8,C++,5,1,3,2,GPL-3.0,2016-05-27 14:09:25+00:00,9,
amirgholami/accfft,2015-04-01 19:22:38+00:00,697,28,C++,8,1,8,3,GPL-2.0,2017-04-01 20:42:50+00:00,6,
ebetica/autogradpp,2017-11-21 22:13:16+00:00,11915,49,C++,7,6,4,2,MIT,2017-11-28 11:44:33+00:00,6,172
ekpyron/pbf,2013-12-07 22:44:04+00:00,3206,16,C++,9,0,7,2,MIT,2017-11-24 22:00:31+00:00,3,
walbourn/directxtkmodelviewer,2015-11-12 22:58:01+00:00,99771,13,C++,7,1,3,1,MIT,2017-03-24 22:41:57+00:00,2,169
ufownl/ranger_proxy,2015-08-26 18:56:05+00:00,562,11,C++,5,0,2,2,GPL-3.0,2017-11-24 21:42:42+00:00,3,167
Grumbel/jstest-gtk,2009-05-02 22:58:34+00:00,198,74,C++,15,5,11,4,GPL-3.0,2017-04-04 14:33:31+00:00,6,
buelowp/sunset,2015-02-11 15:12:25+00:00,76,24,C++,9,0,3,3,GPL-2.0,2019-11-04 01:17:39+00:00,6,
hex108/leetcode,2013-08-20 13:51:36+00:00,1100,19,C++,10,0,3,1,GPL-2.0,2017-11-24 19:39:32+00:00,2,
tpisto/pdf-fill-form,2015-04-05 09:11:49+00:00,130,149,C++,36,26,11,13,MIT,2019-12-17 09:58:25+00:00,21,
AutonomyLab/bebop_autonomy,2015-09-09 20:06:02+00:00,870,93,C++,89,91,25,1,BSD-3-Clause,2017-11-24 18:54:29+00:00,9,
nubot-nudt/simatch,2016-08-01 07:18:20+00:00,9010,18,C++,18,1,5,1,Apache-2.0,2016-08-01 07:19:18+00:00,10,
bangnoise/ofxHapPlayer,2013-04-24 13:42:37+00:00,10942,91,C++,22,16,13,2,BSD-2-Clause,2017-07-29 18:37:52+00:00,4,
xaviergonz/js-angusj-clipper,2017-07-01 11:10:15+00:00,1642,29,C++,6,1,1,2,MIT,2019-09-08 11:58:58+00:00,5,
quarkslab/libleeloo,2013-09-09 16:13:26+00:00,2028,20,C++,6,0,8,3,BSD-3-Clause,2017-11-24 20:11:21+00:00,6,
PickNikRobotics/ros_control_boilerplate,2015-03-10 20:38:35+00:00,166,65,C++,40,18,17,1,BSD-3-Clause,2017-06-23 11:36:38+00:00,16,
jiangxiluning/FOTS.PyTorch,2018-07-24 08:31:45+00:00,431,106,C++,32,9,15,5,BSD-3-Clause,2018-12-11 14:36:10+00:00,7,
patrikhuber/superviseddescent,2014-12-29 22:29:42+00:00,48493,312,C++,167,13,41,2,Apache-2.0,2017-11-24 18:28:06+00:00,2,
timothystewart6/BotsPlusPlus,2017-08-29 03:14:46+00:00,7355,9,C++,9,1,3,2,GPL-2.0,2017-08-30 23:28:45+00:00,3,
meermanr/ext3grep,2012-02-11 13:26:53+00:00,456,11,C++,12,0,2,0,GPL-2.0,2017-04-01 08:07:30+00:00,2,
AirtestProject/Poco-SDK,2018-01-25 08:02:42+00:00,1356,35,C++,17,2,10,0,Apache-2.0,2018-01-25 08:05:21+00:00,25,
atuline/FastLED-Demos,2014-08-20 19:17:59+00:00,890,244,C++,93,5,58,2,GPL-3.0,2017-11-24 18:42:45+00:00,5,
areaDetector/ADMerlin,2015-03-15 19:46:34+00:00,1183,1,C++,5,1,14,5,GPL-3.0,2017-03-08 23:04:50+00:00,8,
pixelmatix/AnimatedGIFs,2014-07-11 02:59:27+00:00,726,24,C++,9,8,6,1,MIT,2017-11-24 19:35:40+00:00,4,
ALIZE-Speaker-Recognition/alize-core,2016-07-19 14:58:06+00:00,3313,51,C++,20,2,10,0,LGPL-3.0,2016-07-19 17:08:20+00:00,13,
bakercp/ofxGeo,2014-04-11 13:30:47+00:00,2046,13,C++,5,0,3,2,MIT,2017-11-24 23:18:43+00:00,3,
verhoevenv/OpenNotrium,2014-09-08 17:32:33+00:00,17133,33,C++,15,20,15,4,GPL-3.0,2017-11-24 19:51:09+00:00,7,
mkristofik/libsdl-demos,2012-11-18 03:37:46+00:00,3561,12,C++,21,0,18,2,GPL-2.0,2016-10-16 01:00:38+00:00,2,
tencentyun/cosfs,2017-03-20 03:02:55+00:00,29466,27,C++,18,7,45,2,GPL-2.0,2017-03-28 22:56:34+00:00,15,
mloskot/spatial_index_benchmark,2013-06-02 21:21:53+00:00,980,22,C++,7,9,7,2,BSL-1.0,2018-03-20 08:42:46+00:00,3,134
google/breadboard,2015-11-11 00:49:16+00:00,886,98,C++,21,3,30,9,Apache-2.0,2018-12-26 01:27:41+00:00,13,
ANLAB-KAIST/KENSv3,2015-04-02 09:34:58+00:00,1653,53,C++,5,0,12,3,MIT,2017-11-24 19:20:34+00:00,12,
ratschlab/oqtans_tools,2012-06-11 04:03:04+00:00,1302778,5,C++,5,2,7,3,MIT,2019-08-29 01:58:38+00:00,6,
rszimm/sprinklers_pi,2013-07-22 17:48:59+00:00,1978,193,C++,84,10,50,4,GPL-2.0,2017-11-24 18:50:09+00:00,12,
lefticus/cpp_box,2018-04-01 15:20:31+00:00,621,196,C++,25,30,25,1,MIT,2018-04-01 15:31:18+00:00,5,129
gamers-coin/gamecredits,2014-02-18 20:40:54+00:00,25687,6,C++,9,0,7,4,Unlicense,2017-03-20 18:44:25+00:00,6,
IntelLabs/SpMP,2015-06-04 05:20:55+00:00,362,31,C++,5,1,10,2,BSD-3-Clause,2017-11-24 20:05:32+00:00,7,
vtyulb/QLiveBittorrent,2013-06-08 07:58:50+00:00,181,30,C++,6,0,6,2,GPL-2.0,2017-11-24 20:00:38+00:00,3,
fede-vaccaro/TerrainEngine-OpenGL,2018-06-22 19:13:04+00:00,91572,55,C++,10,1,4,2,MIT,2019-03-28 07:30:28+00:00,5,
mateidavid/zstr,2015-04-30 17:50:13+00:00,27,84,C++,30,10,9,1,MIT,2017-11-24 20:07:06+00:00,15,
BoboTiG/cracker-ng,2012-07-24 12:56:28+00:00,8786,28,C++,8,1,3,1,GPL-2.0,2017-11-24 20:01:02+00:00,6,
GPUOpen-ProfessionalCompute-Libraries/amdovx-core,2016-02-26 05:19:59+00:00,1136,113,C++,45,0,38,2,MIT,2017-05-28 09:37:17+00:00,11,
USU-Security/oip,2013-07-15 18:09:10+00:00,1730,74,C++,7,2,8,3,GPL-3.0,2017-04-13 19:37:22+00:00,9,
akalend/amqpcpp,2010-05-13 22:06:13+00:00,86,120,C++,88,33,28,9,MIT,2017-11-24 18:55:57+00:00,29,
tadasv/chimp,2013-10-16 01:05:36+00:00,772,62,C++,7,11,9,1,MIT,2016-07-09 13:03:36+00:00,2,
3vi1/IMP,2017-02-13 19:31:22+00:00,37174,8,C++,6,15,8,1,GPL-3.0,2017-02-24 00:18:11+00:00,3,
salortiz/LMDB_File,2014-10-24 15:00:46+00:00,175,4,C++,6,7,2,4,Artistic-2.0,2017-01-25 18:39:52+00:00,8,
cosmos72/fstransform,2014-11-01 02:49:52+00:00,583,48,C++,6,7,3,1,GPL-3.0,2017-11-24 19:27:27+00:00,4,
awslabs/ml-io,2019-09-24 23:42:48+00:00,241,9,C++,6,1,7,5,Apache-2.0,2019-12-18 19:21:09+00:00,8,
ARCCN/runos,2014-10-27 06:22:12+00:00,4840,23,C++,19,7,11,3,Apache-2.0,2017-11-24 19:26:13+00:00,21,
wxFormBuilder/ticpp,2015-03-17 15:06:29+00:00,2075,38,C++,16,41,16,1,MIT,2017-11-24 19:52:44+00:00,15,
mapbox/vector-tile,2016-04-22 19:57:43+00:00,266,22,C++,8,18,79,3,ISC,2017-05-17 08:11:23+00:00,12,
Cylix/tacopie,2016-11-23 21:42:26+00:00,1038,266,C++,51,4,24,1,MIT,2016-11-23 22:42:28+00:00,12,
RangeNetworks/smqueue,2014-03-21 17:23:18+00:00,2692,8,C++,24,1,10,6,AGPL-3.0,2017-11-25 10:17:43+00:00,8,
mitlm/mitlm,2016-03-28 15:22:19+00:00,1141,45,C++,22,21,12,4,BSD-3-Clause,2017-03-21 05:40:56+00:00,7,
platisd/AndroidCar,2015-06-03 22:55:23+00:00,1177,30,C++,11,0,7,1,GPL-3.0,2017-11-24 19:35:09+00:00,2,
paynebc/tunefish,2015-11-16 07:39:01+00:00,7074,58,C++,12,4,17,1,GPL-3.0,2016-05-08 20:28:14+00:00,4,106
HopsonCommunity/ZombieGame,2017-08-15 16:04:14+00:00,4263,10,C++,14,11,13,1,GPL-3.0,2017-08-15 16:36:43+00:00,18,
mgeeky/HEVD_Kernel_Exploit,2017-07-02 20:47:24+00:00,143,20,C++,11,0,6,1,GPL-3.0,2017-07-02 20:47:51+00:00,5,
Nurrl/LocaleKeyboard.js,2016-10-25 11:34:49+00:00,61,42,C++,30,13,7,1,MIT,2016-10-25 11:39:14+00:00,19,
iitmcvg/eye-gaze,2015-05-15 18:42:04+00:00,259823,62,C++,25,6,22,2,MIT,2017-11-24 19:50:53+00:00,4,
bitdefender/libbdvmi,2015-07-17 04:45:55+00:00,719,38,C++,13,0,11,1,LGPL-3.0,2017-11-24 19:53:47+00:00,5,103
danomatika/ofxAppUtils,2011-04-12 04:54:19+00:00,743,47,C++,16,0,7,2,BSD-3-Clause,2017-03-22 22:56:27+00:00,3,
cybercatalyst/qtwebserver,2013-11-20 12:34:16+00:00,273,21,C++,10,5,5,3,AGPL-3.0,2016-05-10 09:47:19+00:00,7,
rjpower/py-leveldb,2012-12-10 14:10:52+00:00,2403,28,C++,10,4,7,3,BSD-3-Clause,2017-11-24 20:03:44+00:00,6,
Qihoo360/mpic,2017-06-06 04:49:24+00:00,146,12,C++,5,0,12,1,BSD-3-Clause,2017-06-06 13:07:23+00:00,2,
nitramr/indigoDock,2015-10-30 20:59:39+00:00,293,28,C++,8,10,8,1,GPL-2.0,2017-11-24 19:33:28+00:00,4,
editorconfig/editorconfig-notepad-plus-plus,2011-12-09 06:23:34+00:00,128,133,C++,19,10,14,5,GPL-2.0,2017-09-19 16:36:51+00:00,10,
Wicker25/Rpi-hw,2012-09-30 17:58:53+00:00,4670,41,C++,9,10,10,3,LGPL-3.0,2017-11-24 19:43:51+00:00,5,
elite-lang/RedApple,2015-11-01 13:40:00+00:00,1254,33,C++,13,2,4,4,MIT,2019-07-09 09:38:21+00:00,5,
kothar/brotli-go,2015-10-25 09:03:42+00:00,7558,42,C++,5,2,3,3,MIT,2016-05-27 19:16:39+00:00,6,
DevelopersGuild/dark-forest,2017-01-20 23:34:46+00:00,35449,3,C++,5,0,11,3,MIT,2017-02-04 20:23:12+00:00,7,
zgmnkv/zwave4j,2013-06-05 17:35:32+00:00,9639,41,C++,25,6,20,5,MIT,2016-05-27 16:02:20+00:00,7,
tdenewiler/node_example,2014-07-21 16:03:23+00:00,702,13,C++,8,0,2,1,BSD-3-Clause,2016-10-12 05:20:25+00:00,6,
richelbilderbeek/correct_cpp_hello_cli,2017-12-31 12:42:16+00:00,32,0,C++,7,0,1,1,GPL-3.0,2017-12-31 18:41:32+00:00,2,
alecjacobson/geometry-processing-parameterization,2017-02-17 18:12:27+00:00,15053,2,C++,20,17,8,2,MPL-2.0,2018-02-15 16:59:35+00:00,5,
Theverat/NormalmapGenerator,2014-06-02 16:41:42+00:00,1707,68,C++,11,8,23,1,GPL-3.0,2017-05-28 13:36:46+00:00,4,
fcharlie/iBurnMgr,2014-05-31 15:41:36+00:00,10453,6,C++,5,0,1,1,MIT,2016-11-03 05:58:01+00:00,10,
navcoindev/navcoin2,2016-05-16 21:14:54+00:00,128850,5,C++,8,2,9,2,MIT,2016-07-06 22:40:34+00:00,6,
thuml/HashNet,2017-07-18 16:48:28+00:00,17312,57,C++,20,3,8,1,MIT,2017-07-18 14:02:38+00:00,2,
goebish/nrf24_multipro,2015-06-16 23:30:20+00:00,123,310,C++,134,17,63,1,GPL-3.0,2017-11-24 18:47:28+00:00,6,
digint/tinyfsm,2014-05-15 14:54:44+00:00,43,88,C++,20,3,3,1,MIT,2016-08-05 15:02:17+00:00,2,
JonnyPtn/SFML-DOOM,2016-04-18 08:42:11+00:00,34845,32,C++,6,0,3,4,GPL-3.0,2017-07-15 06:37:49+00:00,5,
mikepurvis/sixad,2015-08-20 18:38:37+00:00,1760,2,C++,11,1,1,2,GPL-2.0,2017-07-25 15:37:50+00:00,2,
wiseio/paratext,2016-04-23 05:30:10+00:00,319,996,C++,97,26,64,3,Apache-2.0,2016-11-24 17:19:23+00:00,4,
voodooattack/nexusjs,2016-04-14 17:44:44+00:00,11767,981,C++,13,6,55,2,GPL-3.0,2016-11-24 17:12:15+00:00,4,83
fcitx/fcitx-kkc,2013-04-04 01:02:51+00:00,129,5,C++,5,0,5,3,GPL-3.0,2017-03-20 12:40:25+00:00,5,
ivanseidel/LinkedList,2013-07-20 23:35:28+00:00,52,162,C++,54,7,16,15,MIT,2019-04-18 01:50:53+00:00,19,
cheneyveron/clover-x79-e5-2670-gtx650,2017-01-27 17:08:41+00:00,81090,43,C++,19,21,7,1,MIT,2017-08-20 13:24:21+00:00,6,
Harha/MirageRender,2015-07-23 19:52:14+00:00,23947,134,C++,9,3,12,1,MIT,2017-11-24 19:57:05+00:00,5,
Qihoo360/simcc,2017-06-06 04:21:31+00:00,583,39,C++,21,1,17,3,BSD-3-Clause,2017-06-06 13:07:10+00:00,6,
adamstark/Sound-Analyser,2014-06-26 09:44:36+00:00,11029,42,C++,12,0,10,1,GPL-3.0,2017-08-21 14:39:57+00:00,2,
MarisaKirisame/Artificial_Intelligence_A_Modern_Approach,2014-08-03 17:31:34+00:00,135,9,C++,5,0,5,2,LGPL-3.0,2017-11-24 23:12:50+00:00,3,
yuanzhubi/call_in_stack,2017-03-08 11:36:54+00:00,162,145,C++,23,1,15,1,MIT,2017-03-08 13:46:39+00:00,2,
Geocent/node-hmd,2013-10-24 15:14:41+00:00,7081,20,C++,7,3,6,1,MIT,2016-05-27 13:51:34+00:00,2,
GMaxera/QtFacebook,2014-11-15 19:11:13+00:00,16300,45,C++,14,2,19,2,GPL-3.0,2017-11-24 19:47:59+00:00,8,
Riateche/toolwindowmanager,2014-03-07 22:20:08+00:00,521,68,C++,23,12,19,1,MIT,2017-07-04 01:38:06+00:00,4,
jakibaki/hid-mitm,2019-01-19 08:12:45+00:00,268,44,C++,6,11,12,1,GPL-2.0,2019-04-03 21:12:10+00:00,6,
percona/tokudb-backup-plugin,2014-10-02 21:02:46+00:00,67,35,C++,8,0,84,2,GPL-2.0,2017-11-24 19:17:02+00:00,3,
bremme/arduino-tm1637,2015-09-28 10:46:05+00:00,6491,94,C++,41,11,11,1,GPL-2.0,2017-02-01 06:21:49+00:00,8,
coinonat/CoinonatX,2017-08-08 17:35:35+00:00,3324,6,C++,14,1,8,1,MIT,2017-08-08 17:53:23+00:00,7,
mregmi/ext2read,2010-05-10 21:39:41+00:00,7735,103,C++,34,4,15,2,GPL-3.0,2017-11-24 19:01:16+00:00,7,
sr6033/dataStructure-Algorithms,2017-09-09 06:36:40+00:00,873,4,C++,9,3,1,1,MIT,2017-09-09 06:36:49+00:00,9,
TScoin/Transend,2018-03-02 11:43:38+00:00,73106,3,C++,5,0,0,1,MIT,2018-03-07 12:36:51+00:00,4,
im95able/Rea,2018-04-29 18:37:31+00:00,108,118,C++,6,0,6,0,MIT,2018-04-29 18:48:01+00:00,8,
zeutro/openabe,2018-04-23 16:28:29+00:00,1379,53,C++,5,0,11,2,AGPL-3.0,2018-04-26 22:18:36+00:00,11,
six-ddc/httpflow,2017-02-23 15:59:01+00:00,4386,342,C++,42,1,14,1,MIT,2017-02-23 17:00:11+00:00,3,
Aircoookie/Espalexa,2018-01-09 16:54:52+00:00,268,155,C++,38,55,21,4,MIT,2020-01-08 01:43:49+00:00,10,
atelyshev/vosvideoserver,2017-09-27 02:55:37+00:00,379,10,C++,6,0,1,2,MIT,2017-12-03 17:17:28+00:00,3,
sudachen/Molebox,2017-05-02 00:50:18+00:00,2140,18,C++,7,4,4,1,GPL-3.0,2017-05-02 01:12:30+00:00,2,
quarkslab/arybo,2016-09-06 17:03:25+00:00,906,103,C++,13,5,12,1,BSD-3-Clause,2016-09-24 11:49:33+00:00,6,
elliotwoods/ofxSpout,2015-10-20 10:16:23+00:00,830,25,C++,7,4,5,1,MIT,2017-11-24 19:56:48+00:00,6,
Mooophy/Cpp-Concurrency,2014-11-16 23:32:57+00:00,3704,10,C++,6,0,6,1,MIT,2017-10-13 07:37:10+00:00,2,
ADJA/algos,2014-05-20 08:57:46+00:00,159,332,C++,126,0,36,2,MIT,2017-11-24 17:24:43+00:00,4,
jing-interactive/FaceVFX,2016-05-23 09:45:31+00:00,16956,38,C++,17,0,5,1,MIT,2016-05-23 09:45:37+00:00,3,
shamadee/web-dsp,2017-03-14 02:49:37+00:00,914,916,C++,60,4,56,3,MIT,2017-04-03 16:34:28+00:00,5,
buptlxb/hihoCoder,2016-03-27 08:59:04+00:00,133,35,C++,6,0,1,1,Apache-2.0,2017-11-24 20:16:03+00:00,2,
stacksmith/fpgasm,2012-09-09 17:15:02+00:00,1088,36,C++,5,1,14,1,GPL-3.0,2017-02-02 12:21:24+00:00,2,
graphbig/graphBIG,2015-01-20 21:51:51+00:00,2318,29,C++,12,4,6,1,BSD-3-Clause,2017-11-24 19:54:01+00:00,4,
wdsrocha/genetic-algorithm-tsp,2017-03-02 09:47:08+00:00,21586,0,C++,7,2,0,1,Apache-2.0,2017-03-06 07:29:56+00:00,5,
The-Cypherfunks/The-Cypherfunks,2014-02-18 15:14:10+00:00,12754,11,C++,7,0,5,0,MIT,2016-12-18 13:27:19+00:00,4,
inet-framework/os3,2013-08-14 10:05:09+00:00,7231,7,C++,5,1,15,4,LGPL-3.0,2017-11-25 10:23:20+00:00,4,
electra01/Electra,2017-03-26 13:12:11+00:00,7028,16,C++,9,1,11,1,MIT,2017-06-14 01:01:47+00:00,4,
octoblu/alljoyn,2014-07-17 21:24:28+00:00,18650,37,C++,23,9,33,9,ISC,2016-05-27 16:48:08+00:00,10,
puku0x/cvdrone,2012-10-20 15:17:18+00:00,353171,136,C++,78,25,27,2,BSD-3-Clause,2017-11-24 18:45:25+00:00,3,
gaborpapp/Cinder-Warping,2013-07-02 16:51:19+00:00,1433,1,C++,8,0,2,5,GPL-3.0,2016-05-26 10:49:40+00:00,5,
jhansireddy/AndroidScannerDemo,2015-04-05 05:46:06+00:00,167842,429,C++,204,37,59,1,MIT,2017-11-24 18:48:36+00:00,8,
rigtorp/udpreplay,2016-01-30 20:22:15+00:00,6,24,C++,10,1,3,3,MIT,2017-11-25 05:20:01+00:00,9,
RSATom/wcjs-gs,2015-11-20 04:40:39+00:00,43,24,C++,6,5,6,1,LGPL-2.1,2020-01-12 14:51:05+00:00,2,77
lvs1974/NvidiaGraphicsFixup,2018-03-04 12:42:28+00:00,98,92,C++,7,0,20,0,BSD-3-Clause,2017-10-11 00:08:29+00:00,2,
VittorioEsposito/Sim800L-Arduino-Library-revised,2016-12-24 10:39:49+00:00,78,25,C++,13,9,2,2,GPL-3.0,2017-09-13 01:31:54+00:00,6,
NVlabs/xmp,2015-08-24 14:27:15+00:00,12289,18,C++,5,0,13,1,MIT,2017-11-24 19:26:20+00:00,3,
AstraZeneca-NGS/disambiguate,2013-11-05 09:40:42+00:00,512,14,C++,10,2,25,1,MIT,2017-11-24 21:44:49+00:00,10,
jwhiddon/EDB,2016-02-11 22:46:28+00:00,43,32,C++,18,14,2,5,LGPL-2.1,2017-11-09 11:58:39+00:00,6,
NetSys/simulator,2015-06-15 22:53:06+00:00,314,16,C++,18,0,8,1,BSD-3-Clause,2019-12-11 20:36:15+00:00,2,
Playrix/playrix-public,2016-09-19 08:32:31+00:00,190,15,C++,10,0,12,2,MIT,2016-10-16 19:12:24+00:00,5,
ihormelnyk/opentherm_library,2018-03-19 22:33:22+00:00,36,22,C++,10,9,12,3,MIT,2019-10-17 01:41:19+00:00,7,
leiradel/ImGuiAl,2016-06-08 01:53:30+00:00,3610,58,C++,7,0,5,1,MIT,2016-06-10 09:57:42+00:00,2,
Hopson97/SFML-Game-Framework,2017-08-23 11:30:44+00:00,267,91,C++,24,2,17,1,MIT,2017-08-23 11:55:55+00:00,5,
FPAI/DINK,2019-01-15 16:22:53+00:00,201199,31,C++,9,0,0,2,BSD-3-Clause,2019-02-11 05:03:32+00:00,3,
leegao/float-hacks,2016-08-25 18:32:59+00:00,292,125,C++,7,2,5,1,MIT,2016-08-25 18:34:15+00:00,2,
dialogflow/asr-server,2016-03-21 20:53:17+00:00,84,155,C++,71,20,28,8,Apache-2.0,2019-04-08 17:43:49+00:00,9,
schoentoon/hashidsxx,2014-07-11 00:06:14+00:00,46,23,C++,7,1,5,1,MIT,2017-11-24 20:10:51+00:00,3,47
CppKorea/OptimizedCppStudy,2017-03-26 14:44:26+00:00,24001,25,C++,12,0,15,1,MIT,2017-03-26 14:48:05+00:00,11,
VerbalExpressions/CppVerbalExpressions,2013-07-27 16:45:17+00:00,21,307,C++,41,2,37,6,MIT,2017-09-08 14:36:59+00:00,7,
saffroncoin/saffroncoin,2014-04-28 03:00:45+00:00,7210,4,C++,6,1,4,3,MIT,2016-10-19 16:53:07+00:00,6,
KoKuToru/koku-xinput-wine,2013-04-10 19:10:04+00:00,69,53,C++,18,15,10,1,BSD-2-Clause,2017-11-24 19:51:40+00:00,7,
Bly7/OBJ-Loader,2016-09-13 04:58:50+00:00,45,33,C++,15,1,2,1,MIT,2016-09-14 19:53:43+00:00,4,
Bara/BlockSMPlugins,2016-06-10 08:35:48+00:00,400,25,C++,11,1,11,2,GPL-3.0,2016-06-19 20:54:26+00:00,5,
ninety47/dukascopy,2013-05-18 01:27:20+00:00,7371,10,C++,13,2,3,1,GPL-3.0,2017-11-25 05:10:25+00:00,3,
bhSPARSE/Benchmark_SpMV_using_CSR5,2015-03-16 10:48:15+00:00,104,31,C++,12,1,6,1,MIT,2017-11-24 19:57:51+00:00,5,
Dtananaev/localization,2017-02-24 19:25:45+00:00,3797,8,C++,5,0,2,2,BSD-2-Clause,2017-08-21 02:50:46+00:00,3,
MengRao/SPSC_Queue,2018-06-22 07:12:26+00:00,26,31,C++,9,1,2,1,MIT,2019-06-22 22:38:37+00:00,4,
alicevision/ofxMVG,2016-07-18 10:07:44+00:00,483,26,C++,5,11,7,5,MPL-2.0,2018-08-29 14:52:07+00:00,7,
jgbit/vuda,2018-10-06 19:53:52+00:00,40,147,C++,6,0,20,2,MIT,2018-10-13 19:07:03+00:00,6,
gaschler/bounding-mesh,2013-11-15 12:46:39+00:00,2553,36,C++,11,3,4,3,BSD-2-Clause,2017-11-24 22:52:31+00:00,8,
stegua/MyBlogEntries,2012-09-19 10:52:28+00:00,68136,4,C++,6,0,2,1,MIT,2016-07-22 07:13:33+00:00,3,
yusuketomoto/ofxCGAL,2013-11-20 09:21:22+00:00,22783,26,C++,8,1,3,3,LGPL-3.0,2017-11-24 19:23:35+00:00,4,
ContinuumIO/libhdfs3-downstream,2017-07-28 14:53:56+00:00,444,15,C++,28,5,2,1,Apache-2.0,2017-07-28 20:50:15+00:00,4,
GassaFM/olymp.sty,2013-08-29 13:43:58+00:00,70,37,C++,16,2,6,4,MIT,2017-11-24 19:54:28+00:00,5,
artemavrin/UE4-DialogueSystem,2016-04-15 23:41:33+00:00,118,63,C++,26,0,24,1,MIT,2017-02-02 09:22:03+00:00,11,
tomgco/cpu-profiler,2014-01-09 19:56:15+00:00,426,25,C++,5,3,1,6,BSD-2-Clause,2016-05-27 13:27:30+00:00,6,
adafruit/Adafruit_DRV2605_Library,2014-12-11 22:15:29+00:00,143,21,C++,26,1,25,6,MIT,2019-03-08 01:23:49+00:00,19,
tizian/tonemapper,2015-12-21 10:15:34+00:00,2131,60,C++,11,0,4,1,MIT,2017-07-29 09:39:13+00:00,2,
TangXiaoLv/TelegramGallery,2016-08-19 07:19:28+00:00,20337,1161,C++,200,13,31,1,GPL-2.0,2016-11-24 17:28:27+00:00,3,
daniilidis-group/msckf_mono,2018-02-12 19:57:44+00:00,534,74,C++,32,3,16,2,MIT,2018-04-09 01:23:40+00:00,4,
WebPlatformForEmbedded/WPEWebKitLauncher,2015-10-09 15:05:09+00:00,42,3,C++,15,2,24,8,BSD-2-Clause,2019-05-02 00:37:39+00:00,11,
baidu/bigflow,2017-11-14 07:43:04+00:00,10666,712,C++,109,22,57,0,Apache-2.0,2017-11-27 12:19:38+00:00,13,
NiuTrans/NiuTensor,2018-05-14 01:44:32+00:00,2065,31,C++,9,1,4,4,Apache-2.0,2019-11-08 02:36:02+00:00,8,
ebirenbaum/ParticleSolver,2015-05-02 16:04:50+00:00,2692,26,C++,8,0,10,2,MIT,2017-11-24 23:14:21+00:00,4,
renatoaloi/EtherEncLib,2013-09-04 22:32:54+00:00,482,20,C++,12,5,7,2,GPL-3.0,2017-11-24 19:25:03+00:00,3,
Pranavgulati/RF24BLE,2016-04-28 20:35:27+00:00,43,96,C++,14,0,12,1,MIT,2016-06-06 20:21:07+00:00,4,
trishume/eyeLike,2012-10-20 12:28:07+00:00,250,525,C++,233,12,96,1,MIT,2017-11-24 18:40:06+00:00,4,
ry/v8worker,2015-03-29 04:58:57+00:00,4828,1423,C++,105,9,89,12,MIT,2016-11-24 16:06:18+00:00,13,
neuks/Indicator,2016-02-19 12:27:39+00:00,87,38,C++,32,0,10,2,GPL-3.0,2017-07-11 07:36:42+00:00,2,
OTL/oculus,2013-07-12 12:54:15+00:00,498,21,C++,15,5,8,3,BSD-3-Clause,2017-11-24 20:04:31+00:00,6,
liuq/QuadProgpp,2016-10-13 12:14:53+00:00,27,27,C++,15,0,5,1,MIT,2016-10-13 15:48:21+00:00,9,
profi200/sysUpdater,2015-03-28 21:41:25+00:00,231,76,C++,38,9,22,2,GPL-3.0,2017-11-24 18:57:19+00:00,5,
chris-gong/fortnite-clone-ue4,2018-12-30 01:21:07+00:00,981837,20,C++,11,5,8,1,MIT,2019-04-26 11:26:35+00:00,3,
eonil/ClangWrapper.Swift,2015-01-21 01:53:06+00:00,232,49,C++,8,3,6,1,MIT,2017-11-24 19:45:45+00:00,2,
deregtd/AC2D,2015-01-20 06:12:56+00:00,5983,11,C++,5,0,4,1,GPL-2.0,2017-11-24 23:24:10+00:00,3,
HumbleNet/HumbleNet,2017-06-28 02:39:53+00:00,7312,341,C++,31,11,30,0,BSD-3-Clause,2017-06-28 02:46:06+00:00,7,
alexeylysenko/CryptFileDevice,2014-10-08 07:40:07+00:00,211,40,C++,8,1,8,2,MIT,2017-11-24 20:15:49+00:00,5,
mongogis/mongodb-gdal-driver,2014-04-25 15:00:14+00:00,423,21,C++,8,1,11,2,MIT,2017-03-05 00:21:11+00:00,3,
wqvbjhc/libuv_tcp,2014-05-14 07:23:47+00:00,408,93,C++,44,2,15,1,BSD-3-Clause,2017-10-08 05:36:41+00:00,5,
Yveaux/NRF24_Sniffer,2014-07-13 07:07:52+00:00,1697,53,C++,13,2,13,2,GPL-3.0,2017-01-02 21:21:22+00:00,3,
googlesamples/android-nearby-cpp,2015-03-25 00:57:17+00:00,240,26,C++,23,1,15,3,Apache-2.0,2017-11-24 21:34:18+00:00,7,
Shutok/WingsEMU,2012-03-28 19:40:36+00:00,10460,4,C++,18,3,3,2,GPL-2.0,2016-07-29 19:44:37+00:00,3,
mp3guy/Logger2,2014-03-07 18:09:56+00:00,2269,19,C++,20,5,5,2,BSD-2-Clause,2017-11-24 19:52:19+00:00,4,
sparkfun/SparkFun_ESP8266_AT_Arduino_Library,2015-07-15 20:56:25+00:00,2334,55,C++,40,11,57,2,MIT,2017-11-24 19:33:56+00:00,6,
lucasBertola/HTTP-CLIENT,2014-02-12 18:02:14+00:00,284,14,C++,9,1,1,1,GPL-2.0,2017-04-09 08:02:21+00:00,2,
maxmati/a4tech-bloody-linux-driver,2015-04-18 17:54:20+00:00,19,17,C++,15,14,4,4,GPL-3.0,2016-12-22 22:05:10+00:00,13,
drahosp/ppgso,2015-09-21 08:57:35+00:00,10703,3,C++,25,0,4,8,MIT,2018-02-24 19:37:37+00:00,5,
OpenNURBS/OpenNURBS,2014-09-13 22:34:15+00:00,275,18,C++,12,0,9,2,GPL-2.0,2017-11-24 22:44:11+00:00,2,
talebook/statsd-client-cpp,2014-03-06 08:26:51+00:00,17,10,C++,20,4,4,4,BSD-3-Clause,2017-11-24 22:52:30+00:00,5,
husty/Core-Trinity,2013-10-29 17:39:57+00:00,15460,0,C++,5,0,1,1,GPL-2.0,2017-10-14 21:31:52+00:00,3,
achorein/silenteye,2014-05-20 21:08:11+00:00,5748,21,C++,6,29,4,1,GPL-3.0,2017-11-24 20:02:47+00:00,5,
codelion/pa.llvm,2013-02-08 07:05:58+00:00,58,31,C++,11,0,7,2,GPL-3.0,2017-11-24 19:51:40+00:00,3,
99xt/timercpp,2018-10-24 07:32:00+00:00,11,85,C++,23,1,4,1,MIT,2019-10-27 05:38:46+00:00,3,
Dionach/StripHeaders,2014-03-27 14:12:29+00:00,37,73,C++,15,1,19,1,BSD-3-Clause,2017-11-24 18:56:23+00:00,2,
OBAViJEST/rain,2017-05-21 15:58:34+00:00,39962,9,C++,10,3,6,1,MIT,2017-06-05 00:50:24+00:00,5,
fmuni/openHFDIB,2016-11-14 19:11:19+00:00,177,7,C++,10,1,10,1,LGPL-3.0,2016-11-20 18:21:58+00:00,5,
JiapengLi/GNFC,2013-11-30 19:26:15+00:00,615,13,C++,11,1,5,2,LGPL-3.0,2017-11-24 21:44:37+00:00,3,
38leinaD/JRift,2013-04-06 12:56:50+00:00,522,44,C++,23,2,9,4,MIT,2017-11-24 20:08:48+00:00,6,
jackullrich/ShellcodeStdio,2017-04-20 16:39:39+00:00,20,150,C++,36,0,10,0,GPL-2.0,2017-11-24 18:43:54+00:00,3,
dattanchu/bprinter,2011-04-16 00:26:39+00:00,12,46,C++,17,0,6,1,MIT,2017-11-24 19:54:35+00:00,3,
daltoniam/FontAwesome-iOS,2013-04-24 15:17:17+00:00,214,43,C++,7,0,6,3,Apache-2.0,2016-05-27 18:47:32+00:00,4,
daniel-j-h/DistributedSearch,2015-03-22 10:47:48+00:00,124,56,C++,15,0,12,1,MIT,2017-11-24 19:45:32+00:00,2,
dreed47/WifiMQTTManager,2018-12-07 17:30:48+00:00,152,20,C++,11,3,6,2,GPL-3.0,2019-06-06 01:55:36+00:00,3,
ScruffyFurn/SumoDX,2013-11-21 05:41:35+00:00,1028,42,C++,46,3,12,2,MIT,2017-11-24 19:57:40+00:00,3,
openhybrid/HybridObject,2015-06-21 22:42:04+00:00,10623,48,C++,7,0,8,1,MPL-2.0,2017-11-24 19:41:13+00:00,4,
VaclavSynacek/RF24SN_CPP_Server,2014-07-20 21:04:11+00:00,11,8,C++,6,1,1,2,MIT,2019-06-18 18:38:30+00:00,3,
sparkfun/SparkFun_MAX17043_Particle_Library,2015-06-22 19:09:01+00:00,283,11,C++,8,2,50,1,MIT,2017-11-24 23:19:50+00:00,2,
jolson88/BeatBuilder,2014-03-25 20:35:50+00:00,2274,14,C++,9,1,6,1,MIT,2017-11-25 00:19:23+00:00,2,14
lu-zero/libbmd,2012-11-22 01:30:44+00:00,111,9,C++,8,10,7,2,LGPL-3.0,2017-11-24 23:49:17+00:00,2,
SteerSuite/steersuite-rutgers,2016-09-06 16:59:14+00:00,8549,2,C++,53,5,4,2,GPL-3.0,2016-09-20 01:37:39+00:00,3,
ihehui/StocksInfo,2016-05-21 15:07:17+00:00,467,14,C++,7,2,3,1,GPL-3.0,2016-07-08 01:47:09+00:00,2,
laowais/bitcoindark,2014-07-13 22:06:17+00:00,4875,19,C++,17,3,5,3,MIT,2016-12-29 16:21:28+00:00,5,
snowytoxa/selfhash,2014-03-25 17:51:34+00:00,1531,17,C++,8,1,5,2,BSD-2-Clause,2017-11-25 05:23:10+00:00,3,
bbx10/WebServer_tng,2017-06-02 23:57:18+00:00,231,34,C++,18,11,8,0,LGPL-2.1,2017-06-02 23:57:21+00:00,5,
zhulianhua/fvLBM,2015-04-23 14:27:47+00:00,401,5,C++,9,0,2,1,MIT,2016-08-09 06:54:57+00:00,2,
portumo/chinese-bankCard-idcard-recognition,2018-03-27 05:43:17+00:00,22297,1,C++,6,0,0,1,Apache-2.0,2018-03-27 05:43:58+00:00,2,
kylemcdonald/ofxTiming,2012-11-11 19:30:36+00:00,12,23,C++,5,0,2,1,MIT,2017-11-24 19:54:33+00:00,2,
vmcall/token_manipulation,2017-09-07 18:50:05+00:00,29,22,C++,11,1,5,1,GPL-3.0,2017-09-12 05:41:21+00:00,3,
CastellanZhang/alphaFM,2016-10-22 09:55:53+00:00,35,297,C++,132,22,27,1,MIT,2016-10-24 03:56:56+00:00,2,
iniside/TimeOfDayPlugin,2014-11-27 23:09:38+00:00,684,8,C++,6,0,5,1,MIT,2017-08-27 05:49:04+00:00,3,
PacktPublishing/CPP-Game-Development-Cookbook,2016-05-30 14:21:55+00:00,137011,18,C++,6,0,5,1,MIT,2016-06-30 19:13:01+00:00,2,
BCN3D/BCN3D-Moveo,2016-07-28 11:07:14+00:00,100194,638,C++,274,23,180,3,MIT,2016-11-24 17:24:06+00:00,4,
qiyeboy/LuLunZi,2017-08-13 09:24:20+00:00,329,21,C++,21,1,3,1,Apache-2.0,2019-11-26 07:11:33+00:00,2,
louk78/Virgo,2017-03-09 06:13:09+00:00,25,6,C++,6,0,1,1,Apache-2.0,2017-10-03 23:28:08+00:00,2,
nanomsg/cppnanomsg,2013-02-03 08:00:33+00:00,154,80,C++,23,3,17,3,MIT,2017-06-10 09:36:39+00:00,4,
GameTechDev/LightScattering,2013-10-04 18:32:23+00:00,102246,64,C++,15,0,33,1,Apache-2.0,2017-01-17 16:21:42+00:00,4,
wubenqi/zengine,2014-01-06 13:53:58+00:00,11059,11,C++,7,1,2,1,Apache-2.0,2018-01-22 16:27:30+00:00,2,
wastel7/MashBerry,2014-06-24 06:43:43+00:00,660,17,C++,7,1,7,0,GPL-3.0,2017-11-24 23:16:24+00:00,2,
NoahZuo/GhostMeshPlugin,2016-06-18 02:06:40+00:00,15389,43,C++,30,0,12,1,MIT,2016-06-18 02:06:45+00:00,2,
jroivas/waterwatch,2014-01-13 19:58:19+00:00,180,4,C++,6,0,2,1,BSD-3-Clause,2017-12-13 06:49:44+00:00,2,
ChicoState/Minefield,2016-03-07 01:43:55+00:00,25,0,C++,77,0,1,1,GPL-3.0,2019-09-21 00:37:53+00:00,2,
kaoshijuan/aiml,2012-11-28 15:29:46+00:00,1075,11,C++,7,1,2,1,GPL-2.0,2017-11-24 22:32:45+00:00,2,
cpp11nullptr/lnetlib,2015-10-13 20:23:01+00:00,500,28,C++,5,0,3,1,MIT,2017-11-24 19:56:40+00:00,2,
m5stack/M5Stack-platformio,2017-09-26 03:44:55+00:00,4,10,C++,6,0,4,2,MIT,2017-10-14 12:51:19+00:00,2,
hyperledger/iroha-dotnet,2017-06-03 03:27:37+00:00,287,18,C++,10,1,36,0,Apache-2.0,2017-06-03 03:27:47+00:00,3,
arms22/SoftModem,2013-07-02 14:37:12+00:00,224,68,C++,18,3,7,1,BSD-3-Clause,2017-11-24 20:01:17+00:00,2,
sabottenda/libclang-sample,2013-07-21 12:32:42+00:00,161,20,C++,6,0,4,3,MIT,2017-11-24 21:41:50+00:00,2,
muskie82/AR-Depth-cpp,2019-04-16 22:50:45+00:00,1407422,77,C++,10,3,4,1,GPL-3.0,2019-12-30 05:35:39+00:00,3,
HexHive/malWASH,2016-05-20 18:49:44+00:00,2455,50,C++,14,0,10,1,GPL-3.0,2016-06-28 17:38:13+00:00,2,
bruderstein/NppTidy2,2012-09-08 11:05:22+00:00,59,60,C++,30,6,12,1,GPL-2.0,2017-11-24 20:04:18+00:00,2,
ValveSoftware/driver_hydra,2016-04-18 02:31:10+00:00,407,68,C++,47,2,34,3,BSD-3-Clause,2017-04-14 18:43:09+00:00,3,
nlamprian/ICP,2015-06-16 16:48:57+00:00,18748,9,C++,6,4,1,2,MIT,2019-04-24 23:36:24+00:00,3,
bkubicek/grecode,2013-10-30 08:42:20+00:00,198,19,C++,9,3,3,2,GPL-3.0,2017-04-06 00:02:53+00:00,2,
HackerPoet/Particle-Life,2018-10-25 23:03:13+00:00,496,118,C++,12,2,4,1,MIT,2019-04-27 02:56:54+00:00,2,
Ding-Liu/DeepDenoising,2017-06-13 07:37:05+00:00,11486,30,C++,11,3,5,0,GPL-3.0,2017-06-13 06:06:40+00:00,2,
Samsung/SVIEngine,2015-03-26 09:02:17+00:00,66759,18,C++,10,0,11,2,Apache-2.0,2017-10-04 20:36:39+00:00,2,
pranavkantgaur/3dscan,2017-11-24 03:51:58+00:00,216150,15,C++,10,0,3,1,MIT,2017-11-24 17:04:17+00:00,2,
albertoCrive/homographyTrackingDemo,2014-11-24 17:04:09+00:00,4939,52,C++,32,0,11,0,GPL-2.0,2017-11-24 20:02:17+00:00,2,
jrbedard/3d-converter,2008-12-19 03:32:56+00:00,244,48,C++,15,2,10,1,MIT,2017-06-12 08:36:36+00:00,2,
ANSSI-FR/nogaxeh,2016-06-22 15:11:30+00:00,65,27,C++,6,1,4,1,GPL-3.0,2016-06-22 15:11:54+00:00,2,
adityarao/makers-lab,2018-02-07 09:21:29+00:00,3,0,C++,29,0,1,2,MIT,2018-02-08 11:14:54+00:00,2,
CARTAvis/carta,2016-11-30 03:01:33+00:00,27271,6,C++,7,78,7,10,GPL-3.0,2016-12-14 09:48:57+00:00,3,
adamtornhill/tinch_pp,2014-02-09 11:57:22+00:00,264,26,C++,8,1,3,0,BSD-2-Clause,2017-11-24 20:03:02+00:00,2,
amjuarez/bytecoin-gui,2017-08-04 13:40:34+00:00,1005,29,C++,63,7,11,0,LGPL-3.0,2017-08-04 13:47:15+00:00,2,
Joker-388/JKRAVCamera,2017-02-15 13:58:23+00:00,6980,33,C++,10,0,2,0,MIT,2017-02-15 14:05:15+00:00,2,
bilibili/soundtouch,2017-04-01 03:12:11+00:00,290,16,C++,6,0,8,2,LGPL-2.1,2017-04-01 05:16:23+00:00,3,
limmh/cef_mfc_demo,2017-04-25 07:37:39+00:00,12,6,C++,5,1,1,1,MIT,2017-04-25 21:06:35+00:00,2,
BankOfCommunications/CBASE,2018-12-24 05:37:25+00:00,46386,15,C++,17,2,1,2,GPL-2.0,2019-11-10 14:35:49+00:00,2,
JohnWordsworth/plist-pad,2013-07-18 09:40:24+00:00,118,16,C++,6,3,1,1,GPL-3.0,2017-11-24 23:38:02+00:00,2,
mangosfour/scripts,2013-01-26 22:17:40+00:00,2134,10,C++,12,0,11,1,GPL-2.0,2017-11-24 22:10:52+00:00,2,
