Name with Owner,Created Timestamp,Size,Stars Count,Language,Forks Count,Open Issues Count,Watchers Count,Contributors Count,License,Last Synced Timestamp,developers,commits
primefaces/primefaces,2015-04-11 09:48:53+00:00,48453,868,JavaScript,438,630,135,67,Apache-2.0,2017-04-27 07:09:40+00:00,292,15429
soajs/soajs.dashboard,2015-03-05 19:11:07+00:00,13549,12,JavaScript,7,0,12,16,Apache-2.0,2020-01-12 13:20:53+00:00,23,6604
Tonejs/Tone.js,2014-03-11 04:56:45+00:00,25801,9161,JavaScript,691,25,216,48,MIT,2019-07-25 19:02:06+00:00,99,5384
sociam/indx,2012-02-13 12:50:38+00:00,79279,35,JavaScript,7,81,28,7,AGPL-3.0,2017-11-24 19:22:48+00:00,20,3071
marcelklehr/floccus,2016-06-04 23:37:43+00:00,4381,779,JavaScript,41,27,49,1,MPL-2.0,2016-10-26 10:14:51+00:00,29,2841
Koenvh1/ets2-local-radio,2016-10-23 22:57:39+00:00,314004,51,JavaScript,20,2,11,1,MPL-2.0,2016-10-26 12:28:00+00:00,31,2819
svenfuchs/adva_cms,2008-06-04 20:18:09+00:00,17548,500,JavaScript,80,11,16,19,MIT,2017-01-05 15:31:32+00:00,42,2816
RanvierMUD/ranviermud,2012-01-09 17:55:09+00:00,4445,458,JavaScript,170,28,58,6,MIT,2017-11-24 18:45:47+00:00,34,2759
samim23/GitXiv,2015-07-28 12:42:38+00:00,5973,239,JavaScript,18,0,14,109,MIT,2017-11-24 18:41:45+00:00,122,2699
MaslowCNC/Maslow-Create,2018-12-23 07:01:04+00:00,29345,19,JavaScript,5,5,4,3,GPL-3.0,2019-04-02 05:15:36+00:00,5,2696
Scrivito/scrivito_example_app_js,2017-06-08 08:39:26+00:00,5115,55,JavaScript,22,1,3,0,MIT,2017-10-08 16:34:46+00:00,27,2449
lockys/Awesome.json,2015-10-05 16:11:59+00:00,29360,49,JavaScript,20,0,4,5,MIT,2017-05-22 06:34:52+00:00,17,2403
choskim/GhostAzure,2014-06-06 23:34:17+00:00,19077,34,JavaScript,85,0,1,133,MIT,2017-11-24 19:51:24+00:00,152,2344
LearnersGuild/echo,2016-03-08 00:22:36+00:00,3946,2,JavaScript,29,86,22,15,MIT,2017-06-30 16:25:02+00:00,31,2163
socketio/socket.io,2010-03-11 18:24:48+00:00,12300,48404,JavaScript,8838,455,1671,163,MIT,2019-10-04 14:09:23+00:00,233,2032
bootstrap-styled/v4,2018-11-09 03:02:27+00:00,43627,75,JavaScript,16,10,5,10,MIT,2019-12-28 11:22:26+00:00,24,1833
adfinis-sygroup/timed-frontend,2016-08-12 10:33:10+00:00,5035,16,JavaScript,12,35,15,1,AGPL-3.0,2016-08-12 10:34:16+00:00,33,1826
matrix-org/matrix-appservice-bridge,2015-08-19 14:36:53+00:00,2127,51,JavaScript,25,23,26,7,Apache-2.0,2019-11-01 15:40:38+00:00,28,1792
QoboLtd/project-template-wordpress,2014-11-04 15:16:29+00:00,3760,15,JavaScript,9,12,15,17,MIT,2019-07-04 13:48:53+00:00,27,1701
winstonjs/winston,2010-12-29 18:49:51+00:00,2431,14551,JavaScript,1344,295,225,281,MIT,2019-01-29 19:06:56+00:00,399,1579
mozilla/elmo,2011-04-12 18:05:18+00:00,9257,28,JavaScript,25,1,8,13,MPL-2.0,2017-11-24 19:13:26+00:00,19,1517
postmanlabs/postman-code-generators,2019-04-15 13:38:39+00:00,2003,36,JavaScript,24,8,4,7,Apache-2.0,2020-01-08 08:08:12+00:00,56,1504
HeraldStudio/herald-webservice,2017-11-20 09:36:00+00:00,1136,15,JavaScript,8,4,11,1,MIT,2017-12-25 10:38:52+00:00,27,1480
adilyalcin/Keshif,2013-09-17 16:25:22+00:00,114257,457,JavaScript,115,9,43,2,BSD-3-Clause,2016-11-24 13:40:38+00:00,4,1464
mozilla/sign-addon,2016-03-21 23:03:24+00:00,976,25,JavaScript,32,13,23,15,MPL-2.0,2019-11-29 10:36:49+00:00,22,1413
JustArchiNET/ASF-WebConfigGenerator,2018-09-22 18:44:39+00:00,489,6,JavaScript,6,5,3,1,Apache-2.0,2018-11-18 16:45:30+00:00,11,1405
dmacias72/unRAID-plugins,2015-12-11 01:21:13+00:00,395789,7,JavaScript,8,0,2,6,GPL-2.0,2016-10-26 09:30:28+00:00,7,1325
nrenner/brouter-web,2014-01-27 17:26:05+00:00,11468,60,JavaScript,17,39,13,3,MIT,2016-10-26 07:00:58+00:00,33,1297
jamstack/jamstack.org,2016-04-06 18:36:58+00:00,10174,634,JavaScript,135,34,30,21,MIT,2017-06-06 03:36:43+00:00,237,1281
WeebDev/lolisafe,2017-01-13 07:28:41+00:00,5046,330,JavaScript,69,18,28,0,MIT,2017-01-14 09:19:58+00:00,63,1250
nprapps/dailygraphics,2014-01-09 20:31:34+00:00,24040,268,JavaScript,50,54,61,11,MIT,2017-09-07 10:36:47+00:00,29,1206
JimmyLv/jimmylv.github.io,2013-10-02 14:33:40+00:00,66679,298,JavaScript,77,148,50,2,MIT,2017-11-24 18:27:34+00:00,14,1176
ipbc-dev/ipbc-pool,2018-01-09 14:26:01+00:00,301,2,JavaScript,5,2,0,1,GPL-3.0,2018-02-14 17:49:55+00:00,72,1152
localForage/localForage,2013-10-31 00:10:06+00:00,4855,16105,JavaScript,951,160,319,96,Apache-2.0,2019-11-07 10:14:07+00:00,120,1124
Vaeb/VaeBot,2017-05-01 21:28:04+00:00,160625,83,JavaScript,19,3,17,1,MIT,2017-05-01 22:05:53+00:00,6,1117
alexjlockwood/AndroidDesignPatterns,2013-12-23 16:56:18+00:00,191139,91,JavaScript,30,2,14,6,MIT,2017-11-24 19:06:18+00:00,7,1093
ghettovoice/vuelayers,2017-03-04 23:33:24+00:00,6141,339,JavaScript,108,24,32,7,MIT,2019-05-23 08:44:45+00:00,28,1083
power-assert-js/espower,2013-08-21 04:10:52+00:00,1651,48,JavaScript,5,2,11,5,MIT,2019-01-11 01:39:19+00:00,5,1038
alphasp/pxview,2017-07-10 05:28:08+00:00,89096,151,JavaScript,27,6,14,2,MIT,2017-07-10 13:06:59+00:00,3,1037
guidesmiths/rascal,2015-03-27 07:49:41+00:00,1353,144,JavaScript,26,3,8,20,ISC,2019-12-22 14:11:37+00:00,35,1033
auth0/lock-passwordless,2015-04-29 19:37:58+00:00,22589,95,JavaScript,30,34,47,10,MIT,2016-05-27 16:28:47+00:00,16,1018
KyberNetwork/KyberWidget,2018-07-19 08:46:28+00:00,155330,5,JavaScript,5,3,5,8,MIT,2018-11-15 19:25:54+00:00,13,1015
spni/spni.github.io,2015-09-01 06:06:47+00:00,521452,11,JavaScript,74,0,13,10,MIT,2016-10-26 10:29:38+00:00,24,1007
davidhu2000/youtube_desktop,2017-03-07 19:31:08+00:00,49375,65,JavaScript,16,6,11,8,MIT,2017-03-07 22:54:11+00:00,9,882
graphql/express-graphql,2015-08-04 23:29:53+00:00,1301,4888,JavaScript,433,30,129,47,MIT,2019-04-21 11:59:26+00:00,70,871
aurelia/templating,2014-12-10 05:56:48+00:00,6581,115,JavaScript,112,51,34,66,MIT,2019-03-27 04:11:11+00:00,75,857
xmpp-ftw/xmpp-ftw,2013-02-01 14:27:36+00:00,8411,244,JavaScript,31,14,34,4,Apache-2.0,2016-12-28 10:40:06+00:00,6,773
jamesleesaunders/d3-ez,2015-07-08 08:44:55+00:00,7660,37,JavaScript,7,13,8,2,GPL-2.0,2018-12-05 10:50:34+00:00,6,753
axboot/ax-boot-framework,2016-07-15 04:47:52+00:00,136249,197,JavaScript,45,20,39,2,MIT,2016-10-26 10:26:05+00:00,9,728
cwrc/DEPRECATED-CWRC-Writer,2013-03-14 19:00:11+00:00,6142,22,JavaScript,19,86,21,11,GPL-2.0,2017-04-20 09:05:28+00:00,13,717
signmeup/signmeup,2015-10-21 02:21:39+00:00,1473,49,JavaScript,16,64,5,1,MIT,2016-10-26 09:39:35+00:00,12,699
cssstats/cssstats,2013-10-30 09:53:40+00:00,6315,2472,JavaScript,202,57,44,11,MIT,2017-11-24 18:52:04+00:00,30,698
dlresende/extreme-carpaccio,2015-02-09 15:06:37+00:00,2966,66,JavaScript,64,7,11,20,BSD-3-Clause,2016-10-26 09:32:04+00:00,53,683
genify/toolkit2,2015-05-28 02:34:10+00:00,16025,36,JavaScript,13,7,3,1,MIT,2019-02-12 06:32:11+00:00,3,666
graknlabs/client-nodejs,2019-01-23 11:31:24+00:00,594,12,JavaScript,7,3,6,8,Apache-2.0,2019-11-25 19:05:04+00:00,24,661
Inscryb/inscryb-markdown-editor,2017-12-22 03:53:34+00:00,11175,53,JavaScript,10,5,4,46,MIT,2018-08-04 17:59:06+00:00,56,656
semantic-release/npm,2017-11-06 06:40:02+00:00,196,64,JavaScript,34,4,5,12,MIT,2020-01-09 20:03:46+00:00,32,655
konnectors/cozy-konnector-template,2017-03-31 16:24:23+00:00,4196,1,JavaScript,17,3,11,0,AGPL-3.0,2017-03-31 17:07:43+00:00,29,640
balance-io/balance-website,2017-09-07 15:44:03+00:00,29350,5,JavaScript,5,7,4,8,MIT,2019-01-30 16:45:44+00:00,8,639
danpaz/bodybuilder,2015-08-11 03:27:19+00:00,2939,921,JavaScript,109,1,28,23,MIT,2019-03-21 22:32:02+00:00,35,623
micromatch/micromatch,2014-12-01 02:57:36+00:00,1165,955,JavaScript,80,2,19,20,MIT,2019-04-21 12:17:57+00:00,36,599
mozilla/lorax,2014-11-18 17:40:46+00:00,4916,4,JavaScript,7,4,10,11,MPL-2.0,2016-12-31 19:21:09+00:00,13,595
taskcluster/azure-entities,2015-10-16 15:49:43+00:00,1077,3,JavaScript,10,0,6,12,MPL-2.0,2019-12-18 19:19:55+00:00,12,582
tylingsoft/markdown-plus,2015-03-11 02:20:06+00:00,15921,2080,JavaScript,402,20,93,8,MIT,2017-06-03 13:04:18+00:00,8,565
LoveCallProject/lovecall-frontend,2015-11-22 18:38:00+00:00,904,17,JavaScript,5,0,8,1,GPL-3.0,2017-11-24 19:54:55+00:00,4,545
canalplus/react-keys,2016-03-21 11:43:03+00:00,1261,42,JavaScript,6,3,35,13,Apache-2.0,2019-01-29 13:28:08+00:00,20,533
moustacheminer/discordmail,2017-06-29 15:08:23+00:00,1034,24,JavaScript,15,1,1,1,MIT,2017-06-29 15:12:08+00:00,10,531
DashboardCode/BsMultiSelect,2018-05-12 21:11:26+00:00,2643,40,JavaScript,11,1,2,2,Apache-2.0,2019-10-24 21:48:53+00:00,3,524
xotahal/react-native-material-ui,2016-03-24 15:40:53+00:00,1138,3215,JavaScript,536,174,85,70,MIT,2018-03-27 19:31:10+00:00,77,524
clementfarabet/gfx.js,2013-07-05 00:33:25+00:00,9009,119,JavaScript,31,24,10,10,MIT,2017-03-06 03:23:00+00:00,13,518
dmo60/CoverflowAltTab,2012-02-01 10:35:34+00:00,531,136,JavaScript,56,18,22,8,GPL-3.0,2017-11-24 18:38:31+00:00,55,513
jkyberneees/ana,2017-04-17 13:41:43+00:00,1055,180,JavaScript,13,0,11,7,MIT,2020-01-04 16:08:57+00:00,15,508
tscanlin/tocbot,2016-03-04 05:31:28+00:00,8662,524,JavaScript,54,2,15,20,MIT,2019-11-25 07:28:02+00:00,39,503
AnomalyInnovations/serverless-bundle,2019-03-07 23:58:03+00:00,702,94,JavaScript,18,31,7,3,MIT,2020-01-02 21:37:25+00:00,50,487
alerta/angular-alerta-webui,2014-04-10 11:00:31+00:00,4407,54,JavaScript,36,0,10,3,MIT,2017-03-21 15:22:26+00:00,11,485
muk-it/muk_dms,2017-05-04 23:05:26+00:00,49504,68,JavaScript,99,17,25,1,LGPL-3.0,2017-05-05 01:08:51+00:00,5,461
sebastian-software/postcss-smart-import,2016-08-13 09:21:18+00:00,802,58,JavaScript,12,0,2,19,MIT,2017-12-07 19:04:58+00:00,19,461
app-sre/visual-qontract,2019-04-02 12:11:05+00:00,835,1,JavaScript,7,0,5,5,Apache-2.0,2019-12-30 16:03:01+00:00,33,458
AudithSoftworks/Uniform,2009-06-08 06:29:09+00:00,6701,2244,JavaScript,381,20,66,32,MIT,2019-01-10 14:14:06+00:00,36,453
aichaos/rivescript-js,2012-08-02 00:44:01+00:00,1140,291,JavaScript,101,43,26,17,MIT,2019-02-26 05:02:59+00:00,31,450
nprapps/borders-map,2014-03-06 18:26:18+00:00,920,6,JavaScript,5,24,16,7,MIT,2017-11-25 07:23:25+00:00,8,448
segmentio/facade,2013-06-20 22:37:27+00:00,1609,37,JavaScript,15,19,41,22,MIT,2019-01-05 11:11:45+00:00,41,436
myrmex-org/myrmex,2016-06-09 01:34:33+00:00,4132,33,JavaScript,11,11,8,7,MIT,2019-04-07 18:47:03+00:00,8,427
inadarei/nodebootstrap,2012-02-25 16:22:06+00:00,1296,645,JavaScript,91,4,41,11,MIT,2017-11-19 08:09:32+00:00,15,409
LearnBoost/tobi,2010-12-03 02:25:34+00:00,429,416,JavaScript,36,42,24,11,MIT,2016-11-24 14:12:00+00:00,14,402
twolfson/gulp.spritesmith,2014-02-10 00:54:49+00:00,563,1069,JavaScript,85,2,34,6,Unlicense,2019-09-13 08:54:50+00:00,6,399
ritz078/transform,2017-06-15 19:48:21+00:00,10738,1151,JavaScript,84,14,17,1,MIT,2017-11-24 18:50:15+00:00,40,394
PeachScript/vue-infinite-loading,2016-05-10 08:17:39+00:00,2154,1907,JavaScript,260,33,30,15,MIT,2019-04-01 20:07:41+00:00,19,382
kinetechcloudCEO/Synesthesia,2013-10-29 21:14:27+00:00,7291,34,JavaScript,6,0,6,4,MIT,2017-11-24 19:56:07+00:00,4,373
UnsignedInt8/LightSword,2015-11-06 07:53:53+00:00,627,334,JavaScript,71,5,46,1,GPL-2.0,2016-11-24 16:54:08+00:00,3,368
mapbox/mapbox-upload-validate,2014-10-31 00:59:31+00:00,8995,4,JavaScript,5,15,75,14,ISC,2020-01-03 18:03:56+00:00,22,353
futurice/festapp-server,2014-03-22 08:24:42+00:00,5219,17,JavaScript,18,7,134,22,MIT,2017-09-27 18:36:40+00:00,30,352
SpringRoll/Bellhop,2014-04-13 20:43:26+00:00,1195,14,JavaScript,5,2,17,9,MIT,2019-12-20 16:36:45+00:00,22,351
nfroidure/svgicons2svgfont,2013-11-06 10:03:43+00:00,479,170,JavaScript,41,9,10,16,MIT,2019-06-01 21:01:47+00:00,34,351
greggman/hft-tonde-iko,2014-09-24 22:40:15+00:00,32762,19,JavaScript,7,0,4,3,BSD-3-Clause,2017-07-11 17:37:36+00:00,4,346
ember-cli/broccoli-uglify-sourcemap,2014-12-14 06:13:24+00:00,527,8,JavaScript,31,7,8,23,MIT,2019-04-16 21:41:54+00:00,29,344
ladjs/lad,2011-11-16 22:08:03+00:00,2643,1656,JavaScript,156,3,62,20,MIT,2019-10-01 07:38:25+00:00,12,343
AtlasNX/web-cfw-loader,2018-05-17 05:36:17+00:00,2340,38,JavaScript,23,4,3,11,MIT,2019-02-11 12:58:12+00:00,33,343
FacultyCreative/ngActiveResource,2013-12-17 15:39:34+00:00,16384,259,JavaScript,37,27,26,5,MIT,2016-11-24 13:23:07+00:00,9,342
fieteam/fie,2016-11-21 14:26:40+00:00,2169,102,JavaScript,30,8,9,4,GPL-3.0,2019-09-05 19:50:56+00:00,9,330
Ideolys/carbone,2017-03-31 15:42:59+00:00,1827,108,JavaScript,14,12,17,0,Apache-2.0,2017-11-24 20:17:02+00:00,13,329
BBC-News/Imager.js,2013-08-07 08:09:23+00:00,6541,3876,JavaScript,241,27,191,21,Apache-2.0,2017-07-20 08:07:31+00:00,26,329
Swyftx/crypto-address-validator,2018-11-05 04:38:49+00:00,2901,8,JavaScript,6,0,2,25,MIT,2020-01-09 01:25:00+00:00,27,322
twitter/twitter-cldr-js,2012-07-25 16:38:15+00:00,27467,299,JavaScript,42,13,133,11,Apache-2.0,2017-09-16 10:37:00+00:00,16,322
andreaferretti/paths-js,2013-12-03 22:21:48+00:00,3095,1581,JavaScript,84,11,55,10,Apache-2.0,2019-08-07 08:42:26+00:00,15,319
mozilla/fathom-fox,2018-07-18 20:48:25+00:00,941,5,JavaScript,6,22,8,3,MPL-2.0,2019-02-12 18:56:27+00:00,8,314
ProseMirror/prosemirror-tables,2017-06-01 07:52:45+00:00,280,57,JavaScript,28,11,17,13,MIT,2019-09-18 04:05:08+00:00,32,312
DataTables/Select,2015-04-17 15:29:54+00:00,145,19,JavaScript,18,9,5,4,MIT,2016-05-27 13:12:58+00:00,17,308
lvivski/animatic,2013-02-08 20:42:45+00:00,1322,1419,JavaScript,123,5,59,4,MIT,2016-11-24 13:26:12+00:00,5,303
rummelj/bindingjs,2014-07-21 10:28:17+00:00,2907,121,JavaScript,5,15,12,2,MPL-2.0,2017-11-24 18:34:51+00:00,5,302
JJ/1line-py,2017-06-15 17:58:00+00:00,4534,33,JavaScript,13,1,5,1,GPL-3.0,2017-06-19 06:41:14+00:00,11,300
CityofEdmonton/IFTTT-Edmonton,2018-04-20 03:01:57+00:00,2204,6,JavaScript,5,23,5,5,MIT,2019-07-15 02:41:24+00:00,8,300
reederz/node-red-contrib-coap,2014-09-17 14:46:12+00:00,75,15,JavaScript,12,3,9,2,MIT,2016-06-08 10:24:33+00:00,10,300
cycjimmy/semantic-release-action,2019-10-17 11:26:28+00:00,220,36,JavaScript,5,4,1,6,MIT,2020-01-04 14:54:49+00:00,31,299
AdobeDocs/analytics-1.4-apis,2018-04-30 17:30:43+00:00,6799,84,JavaScript,69,20,25,1,MIT,2018-04-30 17:53:50+00:00,36,293
CodeForPhilly/philly-ward-leaders,2015-03-29 01:50:59+00:00,35135,9,JavaScript,8,44,6,2,MIT,2018-12-20 23:36:14+00:00,11,293
GoogleChromeLabs/sw-toolbox,2015-04-20 15:18:05+00:00,1160,3641,JavaScript,356,57,117,21,Apache-2.0,2018-12-19 00:15:32+00:00,25,292
vivaxy/react-native-auto-height-image,2017-04-24 12:08:13+00:00,661,133,JavaScript,41,5,4,11,MIT,2019-08-13 23:54:05+00:00,20,290
morgangiraud/ecvd-js,2015-10-14 16:26:57+00:00,0,0,JavaScript,6,0,1,0,MIT,2017-01-28 03:02:59+00:00,20,289
rev087/ng-inspector,2014-04-27 22:40:12+00:00,9699,800,JavaScript,104,71,32,11,MIT,2017-07-16 04:37:10+00:00,12,279
Reportr/dashboard,2013-10-06 10:01:47+00:00,5553,2533,JavaScript,243,14,121,5,Apache-2.0,2016-11-24 14:10:12+00:00,6,276
nicebook/Node.js-Reference,2014-12-08 21:10:42+00:00,5873,28,JavaScript,16,0,5,2,MIT,2017-11-24 19:54:58+00:00,2,269
mythsman/hexo-douban,2017-06-16 01:26:21+00:00,826,144,JavaScript,21,7,4,4,MIT,2019-03-28 09:53:17+00:00,14,269
atlassian/extract-react-types,2017-08-29 01:43:22+00:00,1061,109,JavaScript,21,10,11,20,MIT,2019-10-30 02:05:29+00:00,29,269
phoboslab/Impact,2018-05-03 09:30:19+00:00,265,1006,JavaScript,48,1,48,1,MIT,2018-05-11 11:52:40+00:00,7,266
h5p/h5p-collage,2015-02-23 12:35:20+00:00,84,1,JavaScript,16,9,9,17,MIT,2018-12-03 10:38:06+00:00,41,265
andreypopp/reactdown,2014-02-20 01:11:32+00:00,2562,83,JavaScript,9,9,2,3,MIT,2016-06-07 07:53:57+00:00,3,264
3n/steezy-pibb,2008-07-16 18:25:35+00:00,251,12,JavaScript,10,0,2,4,MIT,2017-11-24 23:11:53+00:00,8,253
kenshoo/react-multi-select,2018-02-28 07:47:22+00:00,39001,69,JavaScript,29,12,24,15,MIT,2019-08-07 09:29:10+00:00,23,246
TheCocoaProject/cordova-plugin-nativestorage,2016-04-02 17:59:39+00:00,215,206,JavaScript,70,14,23,11,Apache-2.0,2018-07-18 15:00:20+00:00,20,246
TomByrne/Flash2Svg,2013-04-10 10:25:12+00:00,11674,228,JavaScript,38,5,29,4,MIT,2017-11-24 17:54:18+00:00,6,239
personality-insights/sunburst-chart,2016-01-28 13:56:42+00:00,2236,27,JavaScript,31,10,7,6,Apache-2.0,2019-01-05 03:33:56+00:00,8,238
libremap/libremap-webui,2013-10-13 11:17:43+00:00,1398,11,JavaScript,8,12,6,2,GPL-3.0,2017-09-30 21:36:53+00:00,2,237
ninja33/ODH,2018-01-22 01:14:26+00:00,2415,402,JavaScript,63,84,25,1,MIT,2018-01-28 13:23:28+00:00,9,234
larsjanssen6/underconstruction,2017-09-22 17:19:50+00:00,1887,467,JavaScript,40,2,14,19,MIT,2019-11-14 04:43:02+00:00,28,232
bipio-server/bip-pod,2013-08-17 14:19:35+00:00,289,7,JavaScript,8,0,8,8,Apache-2.0,2017-03-29 21:59:41+00:00,12,228
wuchangming/spy-debugger,2016-01-09 08:01:32+00:00,6772,4526,JavaScript,581,70,118,3,MIT,2019-09-29 15:40:37+00:00,6,224
dleitee/valid.js,2015-09-25 19:44:39+00:00,161,584,JavaScript,34,5,16,9,MIT,2016-10-26 06:50:27+00:00,15,221
spalger/gulp-jshint,2013-08-08 20:28:36+00:00,168,427,JavaScript,76,15,12,36,MIT,2017-12-31 19:21:50+00:00,46,209
circleci/angular-phonecat,2014-07-02 20:24:39+00:00,12651,14,JavaScript,21,0,55,35,MIT,2017-11-24 21:35:16+00:00,39,208
dwilhelm89/Leaflet.StyleEditor,2014-02-18 17:25:27+00:00,533,115,JavaScript,36,7,11,8,MIT,2020-01-07 21:05:08+00:00,15,208
angular/angular-seed,2010-12-24 06:07:50+00:00,14486,13337,JavaScript,7434,19,750,48,MIT,2016-05-27 13:11:01+00:00,55,207
kubeless/kubeless-ui,2017-04-03 07:25:40+00:00,886,145,JavaScript,23,9,32,4,Apache-2.0,2017-04-29 06:27:49+00:00,23,205
bigpipe/bigpipe.js,2014-01-22 16:28:01+00:00,169,18,JavaScript,5,6,6,2,MIT,2016-05-27 17:47:24+00:00,4,203
electerious/basicLightbox,2016-02-24 09:05:02+00:00,117,162,JavaScript,17,3,6,2,MIT,2019-02-23 16:19:58+00:00,3,202
jakearchibald/big-web-quiz,2016-10-13 14:50:48+00:00,58783,76,JavaScript,17,2,5,2,Apache-2.0,2016-10-26 12:03:04+00:00,2,200
idmillington/undum,2010-06-15 22:53:03+00:00,2465,246,JavaScript,66,15,34,9,MIT,2017-11-24 18:49:56+00:00,19,196
mozilla/badgekit-api-client,2014-01-09 14:18:39+00:00,1715,5,JavaScript,5,5,62,4,MPL-2.0,2017-01-01 09:21:12+00:00,6,195
weluse/hyperagent,2013-05-01 20:55:41+00:00,5252,150,JavaScript,32,17,6,7,MIT,2016-11-24 13:36:37+00:00,7,194
gre/zound-live,2013-07-17 14:22:48+00:00,18232,53,JavaScript,5,24,11,6,AGPL-3.0,2017-11-24 18:57:57+00:00,7,192
aaronshaf/react-toggle,2015-03-18 22:17:58+00:00,2628,726,JavaScript,136,57,15,31,MIT,2019-09-30 16:59:58+00:00,39,191
scup/atellier,2016-01-11 20:00:24+00:00,9293,983,JavaScript,50,18,27,8,MIT,2017-11-24 18:35:43+00:00,14,190
millermedeiros/crossroads.js,2011-04-14 00:32:07+00:00,8037,1411,JavaScript,168,45,48,7,MIT,2016-11-24 13:27:59+00:00,12,188
edwardhotchkiss/github3,2011-11-30 22:56:52+00:00,151,26,JavaScript,11,0,2,8,MIT,2016-05-27 13:19:09+00:00,10,187
microsoft/MCW-OSS-PaaS-and-DevOps,2018-03-21 21:06:31+00:00,45772,29,JavaScript,204,0,75,9,MIT,2019-04-02 20:29:23+00:00,12,184
micromatch/nanomatch,2016-10-08 11:38:48+00:00,392,46,JavaScript,11,2,5,6,MIT,2018-08-07 14:47:40+00:00,8,183
fhqvst/avanza,2016-07-24 21:25:38+00:00,251,70,JavaScript,17,0,10,6,MIT,2018-06-04 12:56:44+00:00,9,181
firescript/nativescript-contacts,2016-01-14 20:26:22+00:00,213,21,JavaScript,24,8,6,14,MIT,2019-05-02 18:04:46+00:00,23,181
benjamingr/bluebird-api,2017-03-15 16:51:52+00:00,182,27,JavaScript,12,5,5,7,MIT,2017-03-16 08:06:42+00:00,13,180
sdras/vue-vscode-snippets,2017-08-20 17:09:47+00:00,1623,719,JavaScript,73,6,24,4,MIT,2017-08-27 17:16:27+00:00,41,180
gdg-x/firefly,2014-09-18 10:53:44+00:00,252,16,JavaScript,17,7,11,8,Apache-2.0,2017-11-24 19:16:15+00:00,10,179
jxm262/xchange.js,2014-12-06 03:47:53+00:00,899,62,JavaScript,11,4,17,3,MIT,2017-06-04 22:57:55+00:00,5,178
Granze/react-starterify,2014-08-26 18:18:13+00:00,1729,692,JavaScript,88,6,28,13,MIT,2016-11-24 16:37:19+00:00,16,177
marnusw/react-css-transition-replace,2015-08-10 07:55:10+00:00,8462,263,JavaScript,44,5,6,10,MIT,2017-04-30 21:21:26+00:00,14,176
52North/sos-js,2013-09-04 11:37:36+00:00,13257,11,JavaScript,8,8,11,4,Apache-2.0,2018-06-13 17:06:59+00:00,5,175
Munawwar/htmlizer,2014-03-11 20:08:32+00:00,192,10,JavaScript,5,0,3,6,MIT,2016-10-26 01:57:23+00:00,7,173
UKHomeOffice/developer-induction,2016-11-14 14:46:21+00:00,30919,11,JavaScript,7,6,202,5,MIT,2017-05-18 15:57:00+00:00,18,173
amper5and/node-google-voice,2011-06-02 00:27:21+00:00,256,109,JavaScript,27,2,11,5,Unlicense,2016-11-24 16:50:55+00:00,9,172
quirkey/jim,2010-02-19 23:51:42+00:00,911,97,JavaScript,7,5,1,6,MIT,2017-04-17 13:43:41+00:00,6,171
jkphl/gulp-svg-sprite,2014-12-30 15:50:59+00:00,824,577,JavaScript,38,5,14,10,MIT,2018-03-18 04:26:25+00:00,16,166
nysamnang/react-native-raw-bottom-sheet,2019-01-20 14:12:34+00:00,207,225,JavaScript,32,3,5,6,MIT,2019-11-09 14:44:07+00:00,21,164
stcjs/stc,2016-05-04 02:55:20+00:00,97,109,JavaScript,15,5,14,8,MIT,2019-01-05 13:23:40+00:00,13,163
unconed/shadergraph,2014-08-27 20:30:51+00:00,1372,472,JavaScript,29,6,34,2,MIT,2016-11-24 13:43:45+00:00,5,159
99xt/serverless-react-boilerplate,2016-07-11 14:42:18+00:00,10438,229,JavaScript,63,14,10,5,MIT,2016-10-26 10:24:49+00:00,16,158
balloob/react-sidebar,2015-05-06 08:00:21+00:00,659,1233,JavaScript,184,22,13,20,MIT,2018-08-08 12:44:42+00:00,25,156
nimiq/qr-scanner,2017-11-19 23:09:15+00:00,690,330,JavaScript,135,41,12,5,MIT,2019-02-17 17:28:14+00:00,16,156
va3c/RvtVa3c,2014-05-17 14:39:30+00:00,105902,103,JavaScript,67,0,31,6,MIT,2017-11-24 19:26:15+00:00,9,155
liushuishang/YayCrawler,2016-04-24 07:38:06+00:00,134703,137,JavaScript,102,10,38,2,LGPL-3.0,2016-07-18 06:06:42+00:00,2,153
jamestalmage/cli-table2,2014-12-14 00:19:15+00:00,151,199,JavaScript,31,27,4,4,MIT,2016-09-21 02:40:08+00:00,8,153
openshift-mobile/openshift-mobile,2013-11-16 01:40:10+00:00,5434,26,JavaScript,15,15,13,4,GPL-3.0,2017-11-24 20:06:57+00:00,6,153
smollweide/react-speed-dial,2016-11-26 20:04:53+00:00,6016,44,JavaScript,16,1,4,3,MIT,2017-11-26 14:32:45+00:00,3,152
aptible/ember-json-schema-document,2015-10-12 17:26:03+00:00,223,9,JavaScript,7,7,2,5,MIT,2019-01-03 15:23:34+00:00,7,152
rmmh/papert,2011-03-03 20:10:02+00:00,125,13,JavaScript,6,3,5,3,MIT,2017-11-25 04:17:50+00:00,6,152
karma-runner/karma-junit-reporter,2013-02-03 07:56:44+00:00,109,160,JavaScript,138,47,15,37,MIT,2019-10-07 19:36:04+00:00,43,150
wingedfox/dgeni-alive,2016-01-19 13:50:20+00:00,2272,21,JavaScript,12,10,3,5,MIT,2017-10-18 22:07:40+00:00,10,150
h2non/videoshow,2015-02-07 00:02:36+00:00,9132,387,JavaScript,78,30,16,4,MIT,2017-01-01 14:43:55+00:00,15,149
azazdeaz/react-gsap-enhancer,2015-06-22 15:02:28+00:00,3749,612,JavaScript,39,17,27,4,MIT,2016-10-26 06:07:48+00:00,9,148
FoXZilla/Pxer,2015-12-16 04:21:26+00:00,3436,397,JavaScript,58,19,30,1,MIT,2017-03-03 17:39:49+00:00,5,147
bq/bitbloq-serial-uploader,2014-11-19 17:00:15+00:00,1596,10,JavaScript,9,0,29,7,GPL-2.0,2017-11-24 21:29:34+00:00,16,147
zeit/hazel,2017-08-03 12:57:55+00:00,321,2190,JavaScript,121,28,24,10,MIT,2019-09-23 09:54:34+00:00,16,147
99xt/jira-journal,2017-04-01 06:30:21+00:00,144,8,JavaScript,5,12,13,1,MIT,2017-04-01 08:48:35+00:00,6,146
fnagel/MultiDialog,2012-10-08 19:18:16+00:00,1026,24,JavaScript,10,4,4,2,MIT,2017-07-25 22:37:06+00:00,2,144
nicbell/ucreate,2014-06-17 14:36:40+00:00,15700,14,JavaScript,10,3,4,6,Unlicense,2019-07-17 12:18:54+00:00,7,143
ansrivas/angular2-flask,2016-03-26 20:57:51+00:00,1838,142,JavaScript,52,2,15,5,MIT,2018-11-17 05:40:51+00:00,10,142
jomz/radiant-wym-editor-filter-extension,2008-04-28 23:07:15+00:00,1096,32,JavaScript,9,1,2,5,MIT,2017-11-24 20:12:26+00:00,7,140
denniskuczynski/beanstalkd_view,2012-03-15 21:13:29+00:00,1219,130,JavaScript,27,6,6,14,MIT,2016-11-24 15:06:20+00:00,17,139
Wayang-CMS/WayangCMS,2014-01-20 10:50:02+00:00,3379,10,JavaScript,12,1,8,5,GPL-2.0,2016-10-26 09:46:32+00:00,10,138
spirit-js/spirit,2016-06-01 04:40:52+00:00,1000,231,JavaScript,11,7,18,3,ISC,2017-10-20 22:22:15+00:00,5,135
yTakkar/React-Mini-Social-Network,2017-07-26 19:05:56+00:00,4589,117,JavaScript,36,0,9,1,MIT,2017-07-27 12:07:18+00:00,9,129
gpoitch/ember-cli-less,2014-10-02 17:30:44+00:00,679,30,JavaScript,20,8,4,15,MIT,2019-10-10 13:48:13+00:00,19,127
artyomtrityak/d3-explorer,2017-02-10 21:04:43+00:00,2358,34,JavaScript,14,0,1,0,MIT,2017-02-10 21:05:04+00:00,4,123
nativescript-vue/vue-cli-template,2018-02-26 12:27:46+00:00,3848,103,JavaScript,10,27,11,2,MIT,2018-02-26 12:45:07+00:00,26,121
mongodb-js/mongo-views,2015-03-04 18:54:44+00:00,158,9,JavaScript,5,4,6,3,MIT,2016-05-27 18:02:59+00:00,4,121
xaviervia/react-dream,2017-08-05 10:22:22+00:00,466,129,JavaScript,7,4,10,1,MIT,2018-07-26 15:11:09+00:00,3,119
samcday/node-google-spreadsheets,2011-07-18 06:46:03+00:00,781,172,JavaScript,52,4,8,15,Unlicense,2018-03-11 12:36:15+00:00,19,119
wikimedia/banana-checker,2014-04-04 20:59:37+00:00,203,6,JavaScript,8,2,26,11,MIT,2019-08-27 21:13:36+00:00,13,118
2729StormRobotics/tba-api-storm,2016-11-23 20:40:36+00:00,42,5,JavaScript,5,4,11,3,MIT,2019-01-05 14:37:45+00:00,6,115
prestonvanloon/newrelic-angular,2015-07-24 21:29:14+00:00,75,12,JavaScript,6,10,2,4,MIT,2017-10-23 19:53:48+00:00,7,115
smockle/tap-teamcity,2016-02-24 07:01:46+00:00,211,6,JavaScript,6,1,2,6,ISC,2017-09-07 23:57:49+00:00,7,115
Esri/storymap-journal,2014-02-14 00:44:23+00:00,7997,67,JavaScript,69,33,44,2,Apache-2.0,2017-11-24 21:29:14+00:00,6,114
ipfs/js-datastore-s3,2018-04-04 15:40:33+00:00,94,20,JavaScript,11,2,25,4,MIT,2019-08-15 16:58:06+00:00,14,113
elastic/require-in-the-middle,2016-02-10 13:42:55+00:00,65,69,JavaScript,11,1,15,3,MIT,2019-11-20 18:08:31+00:00,10,113
pugjs/react-jade,2014-05-17 21:02:50+00:00,93,560,JavaScript,43,0,29,13,MIT,2019-10-23 05:00:29+00:00,14,112
NikolasMelui/nodejs-boilerplate,2018-04-11 17:45:57+00:00,648,16,JavaScript,7,0,1,2,MIT,2019-12-30 10:26:29+00:00,4,112
cloudflarearchive/json-schema-docs-generator,2014-06-19 05:04:56+00:00,121,98,JavaScript,23,1,15,7,MIT,2016-07-13 17:07:24+00:00,12,111
madflow/jquery-slugify,2013-05-14 20:34:59+00:00,217,41,JavaScript,10,0,4,3,MIT,2017-10-23 15:31:45+00:00,4,109
adamrenklint/dilla,2015-03-07 10:17:28+00:00,215,44,JavaScript,5,0,8,4,MIT,2017-12-14 12:47:50+00:00,4,107
finom/bala,2015-12-22 11:18:03+00:00,64,162,JavaScript,17,0,10,3,MIT,2017-04-14 18:16:28+00:00,5,106
dubocr/homebridge-gpio-device,2017-04-06 08:04:20+00:00,81,33,JavaScript,12,10,11,3,Apache-2.0,2019-08-19 15:17:43+00:00,6,105
bnoguchi/mongoose-auth,2011-02-23 22:39:16+00:00,323,763,JavaScript,124,66,22,7,MIT,2017-04-21 16:20:37+00:00,10,105
yandex/speechkitcloud,2014-08-25 16:17:10+00:00,2736,85,JavaScript,45,17,21,8,Apache-2.0,2017-11-24 18:54:44+00:00,19,104
router5/react-router5,2015-07-02 15:09:21+00:00,212,77,JavaScript,7,0,5,8,MIT,2017-06-25 17:04:53+00:00,8,104
davidxmoody/metalsmith-broken-link-checker,2015-05-03 12:06:18+00:00,61,15,JavaScript,11,5,3,4,MIT,2019-08-11 12:08:36+00:00,7,104
ryanrolds/quiche,2011-12-25 22:40:54+00:00,61,56,JavaScript,14,2,2,3,MIT,2017-08-21 21:22:19+00:00,7,104
jsvine/notebookjs,2014-08-08 01:49:58+00:00,116,109,JavaScript,22,2,6,2,MIT,2019-02-23 05:13:56+00:00,7,103
cha55son/stash-commit-graph-plugin,2014-05-05 03:36:06+00:00,304,72,JavaScript,36,0,16,5,MIT,2019-08-05 01:15:30+00:00,8,103
yahoo/guerilla,2015-09-22 16:58:25+00:00,759,17,JavaScript,8,15,18,6,MIT,2017-11-24 19:30:54+00:00,8,103
rossmartin/cordova-uglify,2014-06-18 02:38:26+00:00,59,116,JavaScript,43,11,7,15,MIT,2019-09-16 04:02:17+00:00,17,103
jmhobbs/jsTodoTxt,2011-07-30 21:54:46+00:00,84,28,JavaScript,8,2,4,4,MIT,2019-01-04 07:12:39+00:00,8,102
DoctorMcKay/node-steam-client,2015-12-11 16:11:43+00:00,344,33,JavaScript,17,5,6,3,MIT,2018-04-25 16:53:35+00:00,4,102
mariocasciaro/scatter,2013-07-31 00:05:27+00:00,192,147,JavaScript,14,15,11,4,MIT,2016-11-24 14:10:20+00:00,4,101
jkup/mastering-chrome-devtools,2016-02-13 01:40:59+00:00,2808,171,JavaScript,84,2,11,3,MIT,2016-10-26 09:49:02+00:00,6,101
digitalsherpas/ethereum-services,2016-10-01 21:08:06+00:00,53,1,JavaScript,6,0,4,1,MIT,2016-10-01 21:08:09+00:00,8,98
kjkjava/Sketchy.js,2013-03-25 04:57:30+00:00,275,24,JavaScript,5,3,5,3,MIT,2017-11-24 20:04:33+00:00,3,98
dominictarr/bench-lru,2016-12-23 18:10:38+00:00,93,38,JavaScript,6,1,3,4,MIT,2017-11-01 17:18:49+00:00,6,97
mozilla/soup,2011-09-21 00:04:27+00:00,2664,10,JavaScript,7,0,11,3,MPL-2.0,2017-11-24 21:28:44+00:00,3,97
eGavr/toc-md,2014-12-08 11:40:44+00:00,72,5,JavaScript,7,3,2,1,MIT,2019-12-09 03:34:47+00:00,2,97
expressjs/express-expose,2011-04-07 23:03:00+00:00,202,292,JavaScript,26,18,16,7,MIT,2019-07-02 14:13:04+00:00,8,97
sayll/avalon-webpack-start,2016-12-02 05:28:00+00:00,1869,194,JavaScript,23,0,10,0,MIT,2016-12-02 05:28:24+00:00,6,96
elektronaut/jquery.livetwitter,2009-04-08 12:30:19+00:00,950,170,JavaScript,35,6,7,9,MIT,2017-08-05 01:43:47+00:00,13,95
mako-taco/pivotal-git,2014-02-26 19:04:30+00:00,56,8,JavaScript,7,7,1,4,MIT,2016-05-27 16:47:50+00:00,5,90
Kalamandea/Rikaichan,2017-09-02 13:38:33+00:00,786,29,JavaScript,5,6,7,1,GPL-2.0,2017-10-10 23:12:26+00:00,5,90
poteto/ember-lazy-video,2014-12-14 02:58:32+00:00,72,45,JavaScript,19,10,3,8,MIT,2016-11-24 11:48:20+00:00,9,90
sinonjs/sinon-docs,2014-02-16 23:10:46+00:00,842,1,JavaScript,24,17,3,12,BSD-2-Clause,2019-03-25 22:36:18+00:00,12,89
swiftcarrot/react-progress-label,2015-07-07 09:18:43+00:00,421,83,JavaScript,18,0,3,4,ISC,2019-09-16 04:35:02+00:00,5,88
moip/awesome-mask,2017-01-19 14:25:48+00:00,56,93,JavaScript,13,1,15,0,MIT,2017-01-19 14:26:10+00:00,7,87
crypto-browserify/diffie-hellman,2014-11-02 22:50:51+00:00,49,61,JavaScript,22,6,7,7,MIT,2019-10-23 04:58:02+00:00,7,87
jonnyshao/wefetch,2018-12-21 06:46:18+00:00,247,122,JavaScript,18,0,1,2,MIT,2019-06-02 08:31:33+00:00,10,87
jamesarosen/Timecop.js,2010-12-09 23:25:57+00:00,280,104,JavaScript,29,5,6,8,MIT,2016-05-27 14:09:57+00:00,12,87
kubesail/create-node-app,2018-11-21 08:31:54+00:00,473,73,JavaScript,5,1,4,4,MIT,2019-11-25 21:37:20+00:00,5,87
quasarframework/vue-cli-plugin-quasar,2018-05-03 09:13:42+00:00,70,49,JavaScript,8,3,6,5,MIT,2019-12-02 14:23:50+00:00,8,85
cmeteor-org/cmeteor,2014-08-14 13:30:44+00:00,677,16,JavaScript,12,0,5,3,MIT,2017-11-24 19:53:27+00:00,6,85
aui/artDialog,2012-07-16 15:19:22+00:00,709,2972,JavaScript,1134,157,297,4,LGPL-3.0,2017-04-20 06:05:52+00:00,11,85
chenall/hexo-theme-chenall,2013-12-24 00:01:35+00:00,5872,54,JavaScript,24,2,9,2,MIT,2017-11-24 19:00:53+00:00,3,85
RxNT/json-rules-engine-simplified,2017-07-07 07:23:04+00:00,94,42,JavaScript,17,9,6,5,Apache-2.0,2019-09-06 08:11:09+00:00,7,84
svgdotjs/svg.filter.js,2013-07-11 13:39:38+00:00,222,172,JavaScript,51,12,12,9,MIT,2019-10-31 18:58:20+00:00,14,83
pazguille/aload,2013-07-02 11:56:21+00:00,3629,357,JavaScript,39,2,21,3,MIT,2016-12-25 15:24:10+00:00,4,83
Davepar/gcalendarsync,2016-01-08 17:03:26+00:00,42,65,JavaScript,18,25,15,1,MIT,2017-11-24 20:06:56+00:00,2,81
normalize/mz,2014-05-08 07:09:15+00:00,41,1268,JavaScript,56,13,35,17,MIT,2017-09-13 17:58:42+00:00,20,81
mehmetc/jQuery.PRIMO,2014-07-18 05:53:38+00:00,733,25,JavaScript,9,0,19,1,MIT,2017-11-24 19:53:11+00:00,2,81
DanH42/mi1kb0t,2015-12-11 16:33:18+00:00,42,37,JavaScript,17,9,8,8,MIT,2016-10-26 09:30:19+00:00,8,79
immense/immybox,2013-11-22 20:14:29+00:00,340,36,JavaScript,6,5,7,4,MIT,2016-05-27 16:30:05+00:00,6,79
aquibbaig/club-website,2019-04-12 18:57:08+00:00,2675,0,JavaScript,12,9,1,6,MIT,2019-04-21 05:53:10+00:00,12,77
luisrudge/postcss-flexbugs-fixes,2015-06-10 02:09:17+00:00,60,525,JavaScript,20,3,13,9,MIT,2018-04-28 17:51:22+00:00,17,76
gglouser/cut-and-project-tiling,2019-01-20 00:34:09+00:00,1953,41,JavaScript,5,0,4,1,MIT,2019-04-05 23:32:13+00:00,2,76
larsenwork/postcss-easing-gradients,2017-04-08 18:08:27+00:00,1417,421,JavaScript,6,4,10,1,MIT,2018-09-02 13:59:11+00:00,3,76
yingye/weapp-qrcode,2018-01-31 12:29:37+00:00,1310,765,JavaScript,361,15,14,5,MIT,2018-12-25 03:30:53+00:00,7,75
cameron/squirt,2014-03-04 10:08:30+00:00,1049,1169,JavaScript,210,85,51,4,Apache-2.0,2017-10-05 03:36:37+00:00,4,74
rofrischmann/kilvin,2016-10-13 18:52:23+00:00,4775,19,JavaScript,9,0,2,1,MIT,2016-12-04 19:38:32+00:00,9,74
imperavi/kube,2014-01-10 23:38:36+00:00,492,1277,JavaScript,210,60,77,7,MIT,2017-04-19 00:12:05+00:00,8,74
fmvilas/openapi3-generator,2018-07-25 13:02:15+00:00,118,50,JavaScript,16,8,3,10,Apache-2.0,2019-08-14 17:12:34+00:00,15,74
mongodb-labs/shard-viz,2012-08-09 20:59:42+00:00,831,39,JavaScript,10,2,15,3,Apache-2.0,2017-11-24 19:15:23+00:00,4,73
jdan/dynamo.js,2012-05-05 19:38:55+00:00,312,646,JavaScript,76,5,28,5,MIT,2017-11-24 18:30:44+00:00,5,72
davidmoreno/behaviours,2013-04-17 15:24:13+00:00,2448,6,JavaScript,5,2,2,2,AGPL-3.0,2016-05-27 18:35:10+00:00,4,72
getcarina/jupyterhub-tutorial,2016-01-26 23:17:11+00:00,2105,18,JavaScript,9,4,2,4,MIT,2017-04-29 09:58:17+00:00,4,72
etgryphon/sai,2010-04-21 00:33:42+00:00,239,48,JavaScript,9,0,8,5,MIT,2017-11-24 20:13:39+00:00,7,71
podio/requirejs-react-jsx,2014-08-12 08:47:05+00:00,260,98,JavaScript,19,7,57,8,MIT,2016-05-27 19:29:38+00:00,8,69
theblacksmith/typescript-require,2012-10-09 11:47:22+00:00,256,182,JavaScript,70,13,6,11,MIT,2018-04-18 02:34:10+00:00,15,69
jpravetz/node-datatable,2012-10-07 04:53:24+00:00,63,51,JavaScript,28,7,10,5,MIT,2019-03-20 09:35:49+00:00,7,69
sospedra/mayre,2017-05-18 17:36:06+00:00,577,116,JavaScript,9,0,2,2,MIT,2019-11-22 12:32:33+00:00,3,68
appetizerio/insights.py,2017-03-02 15:23:38+00:00,109,11,JavaScript,6,3,8,2,Apache-2.0,2017-03-11 06:53:27+00:00,3,68
jonschlinkert/markdown-utils,2014-11-12 04:20:26+00:00,69,17,JavaScript,5,0,3,3,MIT,2018-07-16 01:33:53+00:00,4,67
TopCS/grunt-pg-utils,2013-07-30 07:56:49+00:00,353,10,JavaScript,5,1,6,3,MIT,2016-05-27 17:28:11+00:00,5,66
iniamudhan/react-bingmaps,2018-03-24 06:54:05+00:00,716,13,JavaScript,25,18,2,1,MIT,2019-09-24 18:46:52+00:00,4,66
StephenGrider/ReduxSimpleStarter,2015-11-25 22:08:19+00:00,63,3465,JavaScript,5025,156,134,5,MIT,2017-11-29 06:20:44+00:00,7,66
expo/react-native-infinite-scroll-view,2015-07-01 18:47:43+00:00,45,467,JavaScript,59,15,18,11,MIT,2018-08-28 21:44:49+00:00,11,66
justlaputa/jenkins-monitor,2013-04-17 10:42:03+00:00,98,15,JavaScript,9,20,5,1,MIT,2017-11-24 20:07:27+00:00,5,65
scijs/save-pixels,2013-05-15 03:34:23+00:00,33,65,JavaScript,12,1,7,6,MIT,2016-08-15 13:43:42+00:00,14,65
dominictarr/r-edit,2012-12-08 03:36:46+00:00,565,55,JavaScript,5,1,5,1,MIT,2016-05-27 16:28:54+00:00,2,65
WeiChiaChang/stacks-cli,2017-11-16 08:57:55+00:00,99,1952,JavaScript,84,23,32,7,MIT,2019-03-25 02:25:12+00:00,8,65
stackgl/gl-geometry,2014-06-01 19:18:01+00:00,162,45,JavaScript,10,2,4,9,MIT,2016-07-19 01:27:19+00:00,10,64
QuickBlox/javascript-media-recorder,2016-11-03 08:46:07+00:00,1053,39,JavaScript,11,4,12,5,BSD-3-Clause,2019-01-04 18:58:31+00:00,7,63
hackerkid/peerdium,2018-05-06 14:59:53+00:00,2082,186,JavaScript,15,1,9,1,MIT,2019-04-01 20:55:53+00:00,2,63
Kegsay/flow-jsdoc,2015-08-16 17:07:30+00:00,53,217,JavaScript,15,7,7,6,Apache-2.0,2018-10-20 13:05:01+00:00,8,61
tienpham94/react-awesome-spinners,2019-05-02 14:50:30+00:00,3037,173,JavaScript,7,1,1,2,MIT,2019-07-12 14:05:24+00:00,3,61
BR0kEN-/jTap,2013-08-21 15:20:51+00:00,87,66,JavaScript,19,1,2,1,MIT,2016-05-27 15:12:57+00:00,5,59
subodha/magento-2-gulp,2016-11-23 03:18:17+00:00,43,54,JavaScript,26,6,12,0,GPL-3.0,2016-11-23 03:18:23+00:00,7,59
muaz-khan/Canvas-Designer,2014-08-09 03:39:21+00:00,1832,119,JavaScript,79,39,14,1,MIT,2019-01-01 11:57:58+00:00,4,59
blakeembrey/metalsmith-pagination,2014-11-11 23:39:07+00:00,69,29,JavaScript,9,4,2,5,MIT,2019-11-14 05:35:20+00:00,6,59
rjrodger/gex,2011-03-03 20:52:55+00:00,453,24,JavaScript,9,0,3,3,MIT,2016-05-27 16:41:35+00:00,5,59
xobotyi/viewport.jquery,2014-10-04 23:53:09+00:00,60,147,JavaScript,26,0,10,1,MIT,2016-11-24 13:40:16+00:00,4,58
lfilho/bitbucket-slack-pr-hook,2014-09-26 17:06:41+00:00,67,60,JavaScript,23,0,2,5,MIT,2016-05-27 15:25:13+00:00,6,58
ractivejs/ractive-events-tap,2013-11-16 15:20:55+00:00,732,7,JavaScript,14,10,8,10,MIT,2016-08-06 15:35:09+00:00,11,57
SpoonX/homefront,2016-08-10 08:44:14+00:00,83,12,JavaScript,5,1,1,4,MIT,2018-09-15 10:30:59+00:00,6,57
sergiodxa/next-ga,2018-06-20 17:11:10+00:00,176,121,JavaScript,16,9,1,6,MIT,2019-04-20 05:25:29+00:00,6,56
e-oj/grabity,2017-11-18 14:52:07+00:00,53,190,JavaScript,13,0,2,3,MIT,2019-01-31 19:14:26+00:00,5,55
bitzesty/ember-sqlite-adapter,2015-09-29 11:51:44+00:00,117,8,JavaScript,8,1,13,4,MIT,2018-09-26 15:12:28+00:00,4,55
cmalven/generator-met,2013-11-17 06:39:32+00:00,395,28,JavaScript,6,1,4,2,MIT,2016-05-27 19:36:36+00:00,3,55
richardschneider/express-mung,2015-12-08 21:35:53+00:00,43,33,JavaScript,11,0,5,5,MIT,2018-05-13 11:19:17+00:00,8,55
jokesterfr/node-pcsc,2013-01-29 10:39:23+00:00,341,24,JavaScript,9,4,3,4,MIT,2016-05-27 17:06:50+00:00,7,54
gist-run/gist-run,2016-02-01 18:22:08+00:00,3929,75,JavaScript,20,23,4,1,MIT,2017-11-24 19:07:12+00:00,2,54
yuhua-chen/MAWButton,2014-07-13 13:11:30+00:00,558,28,JavaScript,7,1,7,3,MIT,2017-08-29 16:37:28+00:00,6,54
appcelerator-developer-relations/Sample.Todo,2011-11-28 18:48:54+00:00,3208,36,JavaScript,31,5,23,11,Apache-2.0,2017-11-24 19:20:44+00:00,16,54
DavidCai1993/lock.js,2016-08-05 03:21:10+00:00,965,222,JavaScript,27,6,14,3,MIT,2019-01-04 17:22:03+00:00,5,54
justindeguzman/locstor,2013-08-05 23:49:17+00:00,361,118,JavaScript,17,4,8,5,MIT,2016-11-24 13:22:00+00:00,5,53
npm/fstream-ignore,2012-03-22 05:32:43+00:00,45,37,JavaScript,13,2,44,5,ISC,2019-06-03 19:14:17+00:00,5,53
thedillonb/GitHub-Trending,2014-03-20 04:35:19+00:00,35,22,JavaScript,5,0,4,1,MIT,2016-05-27 13:10:00+00:00,3,53
mazipan/workbox-in-js-framework,2018-04-23 08:13:34+00:00,119,15,JavaScript,8,0,2,1,MIT,2019-03-30 06:22:19+00:00,2,53
omnidan/redux-ignore,2015-10-18 19:14:07+00:00,26,675,JavaScript,20,2,9,7,MIT,2017-12-04 14:14:56+00:00,11,53
mathiasfrohlich/vscode-LaTeXCompile,2016-01-10 12:28:28+00:00,224,23,JavaScript,12,15,4,5,MIT,2016-10-26 09:38:40+00:00,6,52
akdubya/dustjs,2010-10-25 07:45:00+00:00,309,1515,JavaScript,144,55,54,2,MIT,2016-11-24 13:30:51+00:00,4,52
relekang/promised-ssh,2015-03-01 09:54:30+00:00,23,6,JavaScript,6,0,2,5,MIT,2017-01-16 20:41:13+00:00,7,51
kaido24/btgrid,2015-01-09 17:56:40+00:00,1155,22,JavaScript,13,2,5,3,MIT,2017-11-24 19:55:57+00:00,5,51
7nights/get-v2ex,2019-05-13 16:03:00+00:00,167,178,JavaScript,9,5,2,1,BSD-3-Clause,2019-11-03 17:44:08+00:00,3,51
Fede91/brackets-preferences-ui,2014-04-15 13:58:02+00:00,146,11,JavaScript,5,0,5,5,MIT,2016-12-06 09:06:55+00:00,6,50
kadirahq/blaze-layout,2015-01-13 06:19:29+00:00,41,199,JavaScript,42,30,9,7,MIT,2016-11-24 15:52:32+00:00,8,50
shkuznetsov/gulp-minify-inline,2014-08-30 11:21:31+00:00,31,25,JavaScript,5,1,1,5,MIT,2019-01-28 23:57:06+00:00,6,49
haskellcamargo/gemidao-do-zap,2017-08-07 16:35:02+00:00,729,1657,JavaScript,179,32,50,10,MIT,2017-08-14 16:16:55+00:00,11,49
letsgetrandy/DICSS,2015-03-16 15:21:57+00:00,124,1289,JavaScript,84,31,71,9,MIT,2017-03-30 06:03:56+00:00,10,48
gkaemmer/react-fade-in,2017-05-08 05:33:57+00:00,172,47,JavaScript,7,0,1,3,MIT,2019-12-14 22:49:39+00:00,6,48
tkellen/js-express-bearer-token,2014-10-01 20:15:01+00:00,16,49,JavaScript,15,0,6,8,MIT,2019-04-06 13:41:01+00:00,9,47
nolanlawson/vdom-serialized-patch,2015-11-04 04:20:00+00:00,50,54,JavaScript,7,3,4,4,Apache-2.0,2017-02-20 03:07:21+00:00,4,47
geuis/helium-css,2010-01-15 01:07:59+00:00,261,3622,JavaScript,257,10,141,7,MIT,2016-11-24 13:35:31+00:00,12,46
sindresorhus/alfred-npms,2016-06-26 15:14:55+00:00,196,244,JavaScript,15,2,9,6,MIT,2019-01-11 06:28:14+00:00,7,46
ali-kos/kos,2018-06-14 13:45:58+00:00,93,18,JavaScript,5,1,3,4,Apache-2.0,2019-07-31 06:49:20+00:00,7,46
oracle/dino-date,2016-02-26 00:01:59+00:00,358,13,JavaScript,26,7,18,2,MIT,2017-11-19 06:59:59+00:00,2,46
CryptoMarketMonitor/MarketMonitor,2014-09-12 23:19:51+00:00,1872,15,JavaScript,7,0,4,3,MIT,2017-11-24 21:32:26+00:00,4,45
annnhan/grunt-cptpl,2014-03-15 06:24:33+00:00,26,48,JavaScript,13,0,5,2,MIT,2016-05-27 15:07:36+00:00,6,45
mathisonian/gulp-sass-bulk-import,2014-10-10 18:35:11+00:00,24,42,JavaScript,9,8,4,6,MIT,2016-05-27 14:39:51+00:00,6,45
stackgl/gl-mat4,2014-08-18 17:36:59+00:00,35,50,JavaScript,12,4,14,6,Zlib,2018-04-19 20:38:24+00:00,8,44
gh-conf/gh-conf-read,2019-01-27 10:18:13+00:00,22,2,JavaScript,5,1,2,5,MIT,2019-10-02 15:27:05+00:00,7,44
filepicker/filepicker-angular,2015-08-26 11:32:48+00:00,32,32,JavaScript,12,4,27,3,MIT,2016-05-27 17:59:11+00:00,5,43
coinbase/coinbase-commerce-node,2018-06-13 17:48:43+00:00,67,21,JavaScript,14,1,12,5,MIT,2018-12-25 06:30:23+00:00,13,42
didierfranc/react-code-splitting,2017-02-05 20:34:56+00:00,63,148,JavaScript,12,2,3,4,MIT,2017-05-14 13:59:03+00:00,5,42
Supertext/knockout.groupedOptions,2014-02-07 20:45:37+00:00,696,3,JavaScript,5,0,6,3,MIT,2017-04-24 07:49:06+00:00,4,42
glenjamin/react-hotkey,2014-07-19 11:16:12+00:00,454,36,JavaScript,12,4,6,8,MIT,2019-10-24 19:42:13+00:00,7,41
staxmanade/CssToReact,2016-04-19 05:24:42+00:00,241,103,JavaScript,17,3,3,2,MIT,2017-04-17 07:42:02+00:00,3,41
xuopled/react-google-map,2015-09-11 09:47:59+00:00,11924,13,JavaScript,5,0,1,2,MIT,2018-02-27 04:36:02+00:00,5,41
wechat-miniprogram/kbone-template-vue,2019-09-03 02:35:50+00:00,284,22,JavaScript,5,0,11,1,MIT,2019-12-30 05:13:51+00:00,5,41
ryanbreen/node-pingdom,2011-03-16 12:52:14+00:00,421,21,JavaScript,6,0,1,5,MIT,2017-04-21 16:20:17+00:00,5,41
rjrodger/nid,2013-02-06 12:54:22+00:00,228,27,JavaScript,5,5,3,3,MIT,2016-05-27 16:21:13+00:00,5,41
EHLOVader/laravel-elixir-livereload,2015-03-25 00:40:34+00:00,23,30,JavaScript,9,5,3,3,MIT,2016-06-23 21:33:59+00:00,3,40
doitintl/gSlack,2017-06-21 13:39:15+00:00,228,47,JavaScript,6,2,7,2,MIT,2017-06-28 18:16:48+00:00,8,40
gabegorelick/gulp-po2json,2014-02-21 15:25:47+00:00,21,5,JavaScript,5,1,1,3,MIT,2018-05-07 17:44:29+00:00,3,40
codereviewvideos/react-login-registration,2016-11-21 14:26:06+00:00,176,18,JavaScript,6,0,2,1,MIT,2017-06-26 12:36:46+00:00,2,40
cake-build/cake-yeoman,2016-09-09 03:46:48+00:00,417,3,JavaScript,5,1,6,2,MIT,2019-01-03 22:55:57+00:00,2,39
panr/gatsby-starter-hello-friend,2019-01-03 15:03:41+00:00,2444,13,JavaScript,5,2,1,1,MIT,2019-03-07 07:19:06+00:00,4,39
amfeng/webide,2010-09-15 20:03:12+00:00,947,13,JavaScript,6,1,7,2,MIT,2016-09-15 07:38:19+00:00,2,39
v3921358/MapleStory-JavaScript,2017-01-18 10:15:13+00:00,61,0,JavaScript,6,1,0,0,GPL-3.0,2017-02-03 18:21:23+00:00,4,39
mgcrea/generator-angular-component,2013-07-08 14:46:54+00:00,382,36,JavaScript,11,1,3,5,MIT,2016-05-27 17:36:30+00:00,5,38
1602/ejs-ext,2011-07-06 11:51:28+00:00,150,4,JavaScript,7,1,2,7,MIT,2016-05-27 14:26:37+00:00,8,38
msurguy/ladda-bootstrap,2013-09-08 23:24:54+00:00,94,1250,JavaScript,259,24,52,8,MIT,2016-11-24 13:21:59+00:00,11,37
lolstring/gnome-shell-extension-mycroft,2017-04-12 09:54:22+00:00,3555,33,JavaScript,7,8,8,4,MIT,2017-11-25 06:06:37+00:00,8,37
TopQuadrant/shacl-js,2017-07-15 23:16:32+00:00,474,30,JavaScript,6,3,14,1,Apache-2.0,2017-07-15 23:16:51+00:00,2,37
rootux/angular-highcharts-directive,2013-01-16 18:38:47+00:00,385,168,JavaScript,76,7,15,7,MIT,2016-11-24 13:27:31+00:00,9,36
koa-modules/multer,2015-04-03 08:13:50+00:00,2406,191,JavaScript,24,13,9,4,MIT,2017-01-17 04:41:21+00:00,6,36
israelidanny/ie8linter,2015-01-31 04:09:59+00:00,1589,766,JavaScript,22,11,18,5,MIT,2016-11-24 14:30:35+00:00,6,36
wmluke/grunt-inline-angular-templates,2013-04-30 09:25:46+00:00,318,42,JavaScript,8,3,1,3,MIT,2016-05-27 17:44:45+00:00,4,36
justjavac/Programming-Alpha-To-Omega,2015-01-08 02:15:40+00:00,36,1574,JavaScript,442,4,188,4,GPL-2.0,2017-03-25 10:38:28+00:00,6,36
devinivy/labbable,2016-05-29 05:53:21+00:00,25,26,JavaScript,5,0,6,5,MIT,2019-01-04 10:23:56+00:00,6,35
tomberek/aor-postgrest-client,2017-02-04 07:57:46+00:00,9,32,JavaScript,15,4,4,0,MIT,2017-02-06 09:24:31+00:00,10,35
maxsteenbergen/Fibonacci,2014-06-13 10:57:42+00:00,619,427,JavaScript,64,0,16,1,MIT,2017-11-24 18:28:35+00:00,2,35
sindresorhus/md5-hex,2015-05-23 16:53:31+00:00,19,20,JavaScript,7,0,8,7,MIT,2019-07-11 17:18:59+00:00,10,35
aarondfrancis/vue-model,2016-05-18 00:25:03+00:00,236,818,JavaScript,39,8,31,1,MIT,2017-10-16 17:19:19+00:00,3,35
hanzoai/solidity,2018-05-08 07:35:05+00:00,24,43,JavaScript,15,0,15,2,BSD-3-Clause,2019-04-21 06:49:42+00:00,2,34
Esri/map-tools-template,2015-02-04 23:49:53+00:00,432,19,JavaScript,30,5,42,1,Apache-2.0,2017-11-24 19:13:49+00:00,3,34
emikhalev/leaflet-2gis,2013-09-24 07:10:34+00:00,161,15,JavaScript,5,2,4,2,MIT,2017-11-24 19:55:51+00:00,3,33
Quadric/perfect-graphql-starter,2016-09-02 13:34:32+00:00,40,44,JavaScript,13,0,6,1,MIT,2016-09-07 15:18:03+00:00,2,32
mc500/simple-rbs,2016-12-02 04:57:31+00:00,278,0,JavaScript,11,1,1,0,Apache-2.0,2016-12-02 04:38:20+00:00,4,32
eimg/burmese-text-classifier,2018-03-28 09:12:25+00:00,12917,10,JavaScript,5,0,2,2,MIT,2018-03-28 19:23:07+00:00,4,31
sgbj/generator-aspnetcore-angular2,2016-04-28 19:24:23+00:00,218,49,JavaScript,19,14,12,2,MIT,2016-10-26 10:11:03+00:00,5,31
gucheen/jQueryPopMenu,2014-01-15 08:57:57+00:00,281,77,JavaScript,57,1,13,1,MIT,2017-09-17 07:36:34+00:00,3,31
g13n/ua.js,2012-05-06 04:45:06+00:00,210,90,JavaScript,20,0,2,8,BSD-2-Clause,2017-08-29 04:53:13+00:00,9,31
kylerush/grunt-userevvd,2014-08-11 22:09:37+00:00,344,1,JavaScript,5,2,2,2,MIT,2016-05-27 16:57:22+00:00,3,31
actions-on-google/dialogflow-silly-name-maker-webhook-nodejs,2016-12-08 16:12:23+00:00,44,22,JavaScript,31,0,7,1,Apache-2.0,2016-12-08 16:15:34+00:00,12,31
notwaldorf/cat-dns,2014-02-18 00:12:33+00:00,18,187,JavaScript,16,0,8,5,MIT,2017-10-05 06:37:28+00:00,7,31
mathiasbynens/unicode-property-aliases,2016-05-21 07:26:25+00:00,20,2,JavaScript,6,0,1,3,MIT,2019-03-05 11:50:39+00:00,3,30
chilts/koa-pg,2013-12-31 11:48:33+00:00,17,30,JavaScript,10,3,4,4,MIT,2016-09-01 16:00:43+00:00,4,29
ceasbz/mega-sena-cli,2016-06-07 01:57:58+00:00,534,20,JavaScript,6,1,2,3,MIT,2016-06-10 22:06:28+00:00,5,29
charleslxh/react-socket-io,2016-10-17 12:22:15+00:00,635,83,JavaScript,17,4,6,1,Apache-2.0,2019-05-13 05:43:38+00:00,5,28
i5ting/stuq-wxapp,2016-09-28 07:32:56+00:00,6993,37,JavaScript,16,4,9,1,MIT,2016-09-28 15:16:45+00:00,3,28
tiaanduplessis/react-native-surrender,2017-10-30 10:43:21+00:00,47,49,JavaScript,7,2,2,3,MIT,2019-02-12 14:22:57+00:00,4,28
helixhuang/ionic-resources,2016-05-17 15:22:06+00:00,20,8,JavaScript,7,5,1,2,MIT,2018-05-01 08:54:06+00:00,6,27
vdw/MapIt,2013-12-01 21:53:47+00:00,48,51,JavaScript,10,0,8,1,Apache-2.0,2017-11-24 19:34:37+00:00,2,27
gEndelf/jquery.businessHours,2014-01-10 13:25:57+00:00,250,49,JavaScript,35,5,7,3,Apache-2.0,2016-05-27 15:03:50+00:00,5,27
chenweiqun/swagger-vue,2017-03-31 06:17:00+00:00,31,100,JavaScript,40,10,4,1,MIT,2017-04-06 12:06:23+00:00,8,27
bentolor/java9-in-action,2016-06-30 12:17:18+00:00,2204,85,JavaScript,36,0,9,1,GPL-3.0,2016-07-08 17:48:24+00:00,4,26
spotware/connect-protobuf-messages,2016-03-08 07:51:36+00:00,19,3,JavaScript,6,2,9,6,Apache-2.0,2018-12-13 14:40:49+00:00,7,26
lizhineng/word-search-game,2013-06-05 02:24:10+00:00,47,15,JavaScript,14,1,1,2,MIT,2017-03-15 06:37:13+00:00,5,26
Binaryify/amrToMp3,2016-09-29 10:31:01+00:00,12,42,JavaScript,8,1,2,2,MIT,2018-12-11 06:33:08+00:00,4,26
m-reiniger/log4js-syslog-appender,2015-01-27 16:23:25+00:00,1508,3,JavaScript,8,0,3,4,MIT,2019-02-07 06:33:11+00:00,5,26
youzan/tiny-loader.js,2015-10-25 13:40:14+00:00,123,182,JavaScript,48,0,15,2,MIT,2017-11-24 18:42:50+00:00,4,25
mikolalysenko/ao-shader,2013-06-30 23:59:00+00:00,423,15,JavaScript,5,1,4,3,MIT,2016-05-27 14:48:51+00:00,4,25
davemart-in/tablechamp-app,2017-02-07 01:36:54+00:00,5093,70,JavaScript,38,10,6,1,MIT,2017-04-22 13:09:21+00:00,2,25
jeffling/angular-jl-tether,2014-05-09 08:49:18+00:00,47,22,JavaScript,7,3,1,2,MIT,2017-04-11 22:10:35+00:00,2,25
JenniferSimonds/FontDetect,2012-06-03 02:28:15+00:00,470,53,JavaScript,12,7,10,2,MIT,2016-05-27 14:23:54+00:00,2,24
HuntForCode/playa-vista-adventure,2017-05-19 18:36:15+00:00,39,2,JavaScript,11,0,1,2,MIT,2017-05-21 05:14:54+00:00,3,24
OmarElGabry/chat.io,2016-08-31 18:42:58+00:00,630,1175,JavaScript,427,6,62,2,MIT,2016-11-24 17:26:55+00:00,5,24
gmwils/node-transloadit,2011-11-29 15:55:53+00:00,141,33,JavaScript,8,1,2,6,MIT,2016-05-27 13:46:19+00:00,7,24
EvanBacon/firebase-instagram,2018-07-05 22:38:15+00:00,83,63,JavaScript,27,1,4,1,MIT,2018-11-16 18:05:02+00:00,4,23
ElemeFE/weex-vue-starter-kit,2017-02-10 08:24:31+00:00,83,171,JavaScript,29,2,12,0,MIT,2017-02-12 03:48:41+00:00,5,23
kamichikoichi/kage-engine,2016-01-26 13:39:36+00:00,34,17,JavaScript,6,3,2,1,GPL-3.0,2017-04-11 22:37:26+00:00,6,23
greatbsky/react-native-webview2-demo,2016-08-19 10:42:44+00:00,4210,11,JavaScript,7,2,5,3,MIT,2016-10-26 10:36:57+00:00,3,23
nysenate/NYSenateMobileApp,2010-06-04 12:04:11+00:00,10970,59,JavaScript,17,1,9,1,Apache-2.0,2017-11-24 19:02:51+00:00,2,23
DaanHaaz/loveJS,2014-05-05 00:26:05+00:00,4311,17,JavaScript,5,2,8,2,MIT,2017-06-27 08:36:41+00:00,4,22
one-more/react-cron-builder,2016-12-13 10:21:02+00:00,14120,32,JavaScript,27,4,4,2,MIT,2019-07-29 14:39:30+00:00,7,22
jwerle/to-csv,2013-08-06 19:32:24+00:00,12,11,JavaScript,5,1,1,5,MIT,2016-05-27 15:20:47+00:00,6,22
juliancwirko/react-redux-webpack-meteor,2016-05-12 23:00:08+00:00,125,86,JavaScript,16,3,10,1,MIT,2016-10-26 10:11:59+00:00,2,22
eahefnawy/serverless-mailer,2015-09-28 19:56:10+00:00,17292,112,JavaScript,22,9,5,1,MIT,2016-05-28 03:10:23+00:00,3,22
saadmk11/your-query,2017-07-26 14:08:48+00:00,1237,4,JavaScript,5,0,1,1,MIT,2017-08-04 21:17:40+00:00,2,21
kevva/decompress-tarxz,2015-03-24 21:21:30+00:00,18,10,JavaScript,9,1,8,5,MIT,2019-09-06 15:01:19+00:00,6,21
oakes/PixelJihad,2012-06-25 04:23:19+00:00,166,237,JavaScript,84,0,15,2,Unlicense,2017-11-24 18:27:51+00:00,3,21
cooperhewitt/d3-timeline-event-horizon,2013-09-23 21:34:14+00:00,709,23,JavaScript,7,0,13,2,BSD-3-Clause,2017-10-02 03:36:44+00:00,2,21
tarlepp/angular-sailsjs-boilerplate-backend,2015-08-28 17:05:31+00:00,182,24,JavaScript,12,0,3,2,MIT,2017-11-24 19:45:51+00:00,3,20
tomoya92/chedan,2016-05-12 03:09:09+00:00,3117,15,JavaScript,6,0,2,1,GPL-3.0,2016-05-12 03:09:30+00:00,4,20
fxkr/chrome-qrcode-extension,2013-06-24 17:50:58+00:00,19,13,JavaScript,8,2,3,2,MIT,2019-05-10 01:44:41+00:00,2,20
ro31337/hacktunnel,2015-07-25 01:55:03+00:00,186,86,JavaScript,8,3,11,2,AGPL-3.0,2017-11-24 19:05:40+00:00,2,19
mate-academy/js_alliterated-actors,2019-04-11 20:56:33+00:00,90,0,JavaScript,146,143,3,3,GPL-3.0,2019-11-21 11:53:31+00:00,6,19
DustinEwers/D3-DotNetMVC-Demos,2014-02-28 01:03:43+00:00,12004,11,JavaScript,11,0,4,1,MIT,2018-01-17 11:25:07+00:00,2,19
cjihrig/will-it-optimize,2014-09-12 16:34:59+00:00,14,22,JavaScript,5,0,3,2,MIT,2017-11-24 20:02:28+00:00,4,18
Xaxis/jquery.scrollfire,2014-03-25 14:51:52+00:00,33,40,JavaScript,25,3,2,1,MIT,2017-08-01 01:38:47+00:00,2,18
352Media/skilltree,2013-09-30 14:05:35+00:00,1102,218,JavaScript,67,4,29,2,MIT,2017-11-24 18:43:07+00:00,3,18
shippableSamples/sample_node_mysql,2014-05-14 19:53:19+00:00,7,1,JavaScript,35,0,18,4,MIT,2017-06-05 04:37:45+00:00,5,18
FormidableLabs/victory-cli,2016-08-29 14:33:56+00:00,20,311,JavaScript,13,6,14,1,MIT,2016-11-24 17:27:11+00:00,3,18
PacktPublishing/Vue.js-2-and-Bootstrap-4-Web-Development,2017-09-13 13:54:07+00:00,2624,54,JavaScript,33,0,3,2,MIT,2019-12-08 14:37:06+00:00,4,18
WeTrustPlatform/erc20faucet-contracts,2018-02-28 00:27:08+00:00,52,3,JavaScript,6,0,10,1,GPL-3.0,2018-02-28 15:53:54+00:00,3,17
browserstack/selenium-webdriver-nodejs,2013-10-23 11:33:38+00:00,10363,15,JavaScript,14,6,23,5,Apache-2.0,2016-05-27 15:22:42+00:00,7,17
twoimpulse/impulse-slider,2013-07-25 13:29:23+00:00,1249,4,JavaScript,6,0,2,1,MIT,2016-10-24 15:38:28+00:00,2,17
frontainer/ligblog-sample,2014-11-18 02:15:07+00:00,162801,6,JavaScript,10,0,1,1,MIT,2018-01-22 21:37:51+00:00,2,17
cloudflare-apps/FireSize,2015-03-21 22:51:42+00:00,54,22,JavaScript,5,1,4,1,MIT,2017-11-24 19:21:44+00:00,2,17
llkats/grunt-snapshots,2013-06-21 21:15:02+00:00,213,23,JavaScript,6,2,1,3,MIT,2016-05-27 13:51:56+00:00,4,16
Pleasurazy/angularjs-media,2013-04-26 11:42:47+00:00,1285,24,JavaScript,11,1,3,1,MIT,2017-11-24 19:29:38+00:00,6,16
yTakkar/Facemash,2017-12-19 10:11:56+00:00,3198,24,JavaScript,5,0,1,1,MIT,2017-12-20 06:15:52+00:00,2,15
google/detangle,2018-01-30 03:46:15+00:00,168,136,JavaScript,10,4,14,3,Apache-2.0,2018-01-31 22:18:35+00:00,4,15
olalonde/eslint-import-resolver-babel-root-import,2016-06-25 02:09:18+00:00,28,14,JavaScript,19,11,3,3,MIT,2018-03-01 18:25:38+00:00,4,15
monfera/sf-student-dashboard,2015-10-21 22:05:48+00:00,440,15,JavaScript,5,0,1,1,BSD-3-Clause,2017-06-21 18:36:30+00:00,2,15
jaruba/node-vlcPlayer-demo,2015-06-16 20:58:41+00:00,7,42,JavaScript,9,2,5,1,MIT,2017-11-24 20:02:19+00:00,3,15
lucaslg26/CartolaJS,2016-05-13 12:32:27+00:00,11,11,JavaScript,6,3,1,1,MIT,2016-05-15 13:23:55+00:00,3,15
renrenche/rock,2017-02-22 14:10:29+00:00,15971,37,JavaScript,9,0,8,0,MIT,2016-10-13 16:45:08+00:00,2,15
andrewtoth/BitcoinWallet,2014-01-28 23:30:30+00:00,446,26,JavaScript,16,3,10,1,MIT,2017-03-28 09:05:18+00:00,2,15
acterce/h5ui,2017-03-07 04:29:18+00:00,184,40,JavaScript,10,1,1,2,MIT,2019-01-04 02:23:22+00:00,3,14
thepracticaldev/DevTwitter,2017-03-15 16:33:05+00:00,452,41,JavaScript,7,0,4,1,MIT,2017-03-15 16:59:54+00:00,2,14
metaparticle-io/storage,2017-08-13 02:13:39+00:00,16,76,JavaScript,7,3,6,0,MIT,2017-11-24 20:17:36+00:00,4,14
patrickmoffitt/local-sqlite-example,2017-05-30 16:57:13+00:00,6865,94,JavaScript,20,0,7,1,MIT,2017-06-02 04:42:25+00:00,2,14
iloire/ducksnode,2012-07-15 23:17:29+00:00,129,7,JavaScript,6,2,3,2,MIT,2016-05-27 13:21:11+00:00,4,14
benscabbia/x-ray,2017-04-23 13:39:09+00:00,12,172,JavaScript,9,0,3,2,GPL-2.0,2019-05-07 03:38:00+00:00,4,14
awslabs/aws-ms-deploy-assistant,2016-10-06 22:22:27+00:00,52154,8,JavaScript,5,4,65,2,Apache-2.0,2016-10-15 23:31:20+00:00,4,14
earthiverse/3D-Minecraft-Skin-Viewer,2012-08-16 21:35:55+00:00,474,32,JavaScript,18,9,8,2,GPL-3.0,2017-11-24 19:18:18+00:00,3,13
tracker1/node-js-scrypt,2013-09-02 07:18:26+00:00,191,9,JavaScript,5,1,2,3,BSD-2-Clause,2016-05-27 15:35:47+00:00,5,13
mate-academy/js_inverse-object,2019-09-26 12:49:04+00:00,13,0,JavaScript,31,30,1,1,GPL-3.0,2019-11-14 09:02:31+00:00,6,12
maxigimenez/angular-atomic-notify,2015-04-07 21:42:29+00:00,71,158,JavaScript,27,0,11,1,MIT,2016-11-24 16:06:46+00:00,2,12
ggarek/brackets-extension-alignit,2013-11-03 14:57:56+00:00,232,13,JavaScript,6,6,3,1,MIT,2017-11-24 22:39:16+00:00,3,12
dykily/simple_webpack,2019-03-02 15:41:06+00:00,31,50,JavaScript,7,1,3,1,MIT,2019-05-14 12:37:56+00:00,2,12
freakent/NR-XBee,2013-09-26 13:15:29+00:00,18,10,JavaScript,8,2,3,3,Apache-2.0,2017-11-24 22:05:01+00:00,3,12
ovx/strict-rate-limiter,2014-11-08 15:21:54+00:00,8,15,JavaScript,8,1,2,3,MIT,2016-05-27 16:30:44+00:00,4,12
onlylemi/github-downloader,2016-06-02 08:19:38+00:00,135,57,JavaScript,5,0,1,1,MIT,2016-06-02 08:20:15+00:00,2,11
Rocketseat/bootcamp-gostack-desafio-04,2019-07-01 13:43:49+00:00,1831,26,JavaScript,68,0,4,6,MIT,2019-11-14 12:05:43+00:00,6,11
bysoft/express-backbone-boilerplate,2011-12-18 22:09:57+00:00,677,1,JavaScript,8,0,0,1,MIT,2019-08-30 07:17:03+00:00,2,11
markdown-it/markdown-it-sub,2015-01-01 00:58:13+00:00,164,10,JavaScript,12,0,4,2,MIT,2016-05-28 04:36:15+00:00,2,11
genieacs/genieacs-sim,2017-02-03 23:08:36+00:00,16,13,JavaScript,10,4,7,0,MIT,2017-02-06 14:28:45+00:00,2,11
yasinkuyu/brackets-newdoc,2014-06-20 13:44:09+00:00,211,4,JavaScript,6,0,1,2,MIT,2019-11-30 16:36:26+00:00,3,11
arush-sal/cka-practice-environment,2018-01-30 12:53:13+00:00,507,334,JavaScript,192,9,21,2,MIT,2018-11-27 15:45:31+00:00,3,10
huobiapi/WebSocket-Node.js-demo,2018-07-18 11:12:19+00:00,9,2,JavaScript,11,1,4,1,MIT,2018-12-10 17:40:40+00:00,5,10
auxilincom/docker-compose-starter,2017-02-12 14:41:34+00:00,16,107,JavaScript,24,2,8,2,MIT,2017-02-23 00:13:29+00:00,4,9
smclab/ti-soap,2014-10-02 01:27:56+00:00,179,10,JavaScript,5,3,5,1,LGPL-2.1,2016-05-27 16:09:06+00:00,2,9
jdrda/ie10-viewport-bug-workaround,2016-09-14 06:02:38+00:00,6,4,JavaScript,7,1,1,0,MIT,2016-09-14 06:05:54+00:00,2,8
FrenchYann/Chess3D,2013-06-05 14:12:16+00:00,9005,70,JavaScript,28,1,8,1,GPL-3.0,2017-11-24 19:05:11+00:00,2,8
stackgl/ray-aabb-intersection,2015-09-29 06:51:07+00:00,208,13,JavaScript,5,1,17,3,MIT,2016-05-27 13:54:33+00:00,3,8
indexiatech/ember-idx-tree,2014-12-12 18:56:29+00:00,238,27,JavaScript,11,7,6,2,Apache-2.0,2016-05-27 15:18:11+00:00,3,8
schlunsen/angular-gaugejs,2014-01-27 23:45:25+00:00,226,12,JavaScript,5,5,2,3,MIT,2016-05-27 15:21:29+00:00,3,7
kumpulanremaja/ig,2019-07-08 11:58:21+00:00,3563,5,JavaScript,7,1,0,3,MIT,2019-12-12 15:28:45+00:00,3,7
andotorg/cesium-html5,2018-09-12 09:14:36+00:00,7307,7,JavaScript,5,0,0,2,Apache-2.0,2019-11-12 10:05:00+00:00,2,7
jaredfaris/WCF-REST-JSON-Examples,2011-02-25 02:14:19+00:00,107,4,JavaScript,6,0,1,1,Apache-2.0,2016-05-27 22:35:45+00:00,2,7
cubiq/2-way-iScroll,2010-11-09 15:44:12+00:00,146,117,JavaScript,30,12,7,2,MIT,2017-04-04 15:16:42+00:00,2,7
pskrunner14/node-live-stream-server,2017-10-19 10:35:58+00:00,27,4,JavaScript,6,0,1,1,MIT,2017-10-19 15:05:38+00:00,2,7
MarkTonkinson/HowToBookmarklet,2014-11-10 12:19:38+00:00,123,0,JavaScript,6,0,1,0,MIT,2017-01-20 03:03:22+00:00,2,6
mennovanslooten/UITest,2010-04-26 16:41:13+00:00,153,67,JavaScript,6,0,3,2,MIT,2016-12-03 03:49:09+00:00,2,6
GaretJax/CardReader,2010-01-10 15:53:22+00:00,103,24,JavaScript,22,3,1,2,MIT,2018-08-12 08:04:24+00:00,2,6
springload/css-reporter,2014-11-05 21:55:15+00:00,220,128,JavaScript,5,3,30,1,MIT,2016-11-24 15:06:18+00:00,2,6
proog128/GSVPanoDepth.js,2013-05-01 10:31:55+00:00,230,109,JavaScript,24,2,17,2,MIT,2017-03-12 15:21:25+00:00,2,5
haozki/chatbox,2013-12-20 08:44:15+00:00,102,9,JavaScript,10,0,2,2,MIT,2017-11-24 23:08:33+00:00,2,5
papamonkey/vue-tawk,2018-05-21 03:33:06+00:00,71,11,JavaScript,6,4,0,2,MIT,2019-11-27 14:34:06+00:00,2,5
liabru/gears-d3-js,2014-02-19 13:49:17+00:00,12,60,JavaScript,9,0,9,1,MIT,2017-11-24 19:07:08+00:00,2,5
cleanwrt/u-boot_mt7620,2014-10-23 12:27:48+00:00,2212,43,JavaScript,63,2,9,2,GPL-2.0,2017-11-24 19:56:23+00:00,2,4
IgniteUI/marketing-dashboard-sample,2015-02-04 08:35:39+00:00,3282,22,JavaScript,9,0,21,2,MIT,2017-11-24 19:15:53+00:00,3,3
dialogflow/fulfillment-telephony-nodejs,2018-11-05 18:48:49+00:00,27,9,JavaScript,5,0,4,2,Apache-2.0,2019-04-09 12:14:26+00:00,2,3
tower1229/weapp-star,2017-07-20 01:27:13+00:00,19,16,JavaScript,11,0,3,1,MIT,2017-07-20 01:29:17+00:00,2,3
BetConstruct/Spring-JS-SDK,2016-10-12 10:17:33+00:00,24,1,JavaScript,6,0,2,1,MIT,2016-10-12 10:17:37+00:00,2,2
icindy/WxAutoImage,2016-11-10 01:27:13+00:00,6,19,JavaScript,6,0,4,1,MIT,2016-11-14 03:50:18+00:00,2,2
NASA-Tournament-Lab/CoECI-CMS-Healthcare-Fraud-Prevention,2013-11-06 12:57:45+00:00,39028,10,JavaScript,11,0,16,2,Apache-2.0,2017-11-24 21:46:39+00:00,2,2
