Name with Owner,Created Timestamp,Size,Stars Count,Language,Forks Count,Open Issues Count,Watchers Count,Contributors Count,Last Synced Timestamp
nofxx/postgis_adapter,2008-11-26 09:37:34+00:00,557,86,Ruby,31,0,1,8,2017-04-17 13:08:26+00:00
gimite/google-spreadsheet-ruby,2008-12-24 05:17:42+00:00,616,290,Ruby,53,3,9,21,2017-04-17 11:06:34+00:00
jugend/amazon-ecs,2009-01-24 03:56:38+00:00,239,557,Ruby,102,3,22,16,2019-05-20 13:06:11+00:00
robbyrussell/rubyurl,2008-02-18 20:00:00+00:00,4160,212,Ruby,44,3,12,3,2017-11-24 18:38:14+00:00
tapajos/integration,2008-09-05 12:22:41+00:00,258,34,Ruby,16,0,6,6,2017-11-24 19:40:44+00:00
notahat/machinist,2008-10-06 11:43:46+00:00,2161,1139,Ruby,143,34,11,16,2017-04-21 15:39:39+00:00
rails/iso-3166-country-select,2008-10-06 16:36:03+00:00,193,68,Ruby,82,0,5,1,2019-01-08 20:37:45+00:00
jmesnil/jmx4r,2008-04-10 19:17:22+00:00,428,71,Ruby,14,6,7,8,2017-04-17 13:40:43+00:00
jamesgolick/active_presenter,2008-07-26 14:10:16+00:00,225,302,Ruby,43,5,7,7,2017-11-24 18:36:47+00:00
norman/has_image,2008-07-18 13:40:41+00:00,735,18,Ruby,5,0,3,4,2017-04-23 14:55:58+00:00
jcrosby/cloudkit,2008-03-21 21:36:32+00:00,4798,310,Ruby,23,2,7,7,2017-11-24 18:38:26+00:00
robbyrussell/shorturl,2008-07-24 15:43:25+00:00,274,86,Ruby,22,3,12,3,2016-05-27 14:30:42+00:00
stjernstrom/capistrano_colors,2008-12-20 21:39:29+00:00,25,247,Ruby,16,0,4,9,2017-04-17 11:10:38+00:00
rails/upload_progress,2008-05-29 21:03:29+00:00,97,37,Ruby,9,0,5,1,2017-11-24 19:14:15+00:00
jnunemaker/lorem,2008-02-14 03:13:01+00:00,108,31,Ruby,8,0,2,0,2017-01-12 10:04:28+00:00
sishen/hbase-ruby,2008-07-23 10:58:16+00:00,121,59,Ruby,8,3,4,1,2017-11-24 19:04:11+00:00
pingdomserver/scout-plugins,2008-08-01 00:44:14+00:00,1521,172,Ruby,153,18,27,75,2017-11-24 18:51:14+00:00
dustin/beanstalk-client-ruby,2008-05-01 21:49:39+00:00,180,35,Ruby,26,0,2,2,2017-05-08 02:17:44+00:00
copyhacker/backup_fu,2008-05-20 13:30:22+00:00,234,98,Ruby,27,3,3,1,2017-11-24 19:03:11+00:00
radar/by_star,2008-11-24 01:46:47+00:00,456,845,Ruby,60,6,14,13,2016-11-24 15:41:41+00:00
kig/thumbnailer,2008-03-21 16:20:36+00:00,429,41,Ruby,5,0,3,1,2017-11-24 19:30:13+00:00
rubygems/rubygems.org,2009-01-29 22:30:46+00:00,14034,1829,Ruby,765,103,99,326,2019-11-10 01:34:10+00:00
socketry/multipart-post,2008-08-12 17:33:41+00:00,99,229,Ruby,60,15,9,26,2019-05-13 11:43:26+00:00
ci-reporter/ci_reporter,2008-03-01 22:38:26+00:00,546,335,Ruby,107,14,11,36,2017-04-21 15:26:36+00:00
matthewrudy/rudeq,2008-06-19 12:41:43+00:00,170,46,Ruby,8,0,2,2,2017-04-17 13:10:34+00:00
courtenay/splam,2008-09-22 03:09:53+00:00,279,108,Ruby,10,0,3,3,2017-11-24 18:37:13+00:00
calvincorreli/redirect_routing,2008-05-02 13:18:31+00:00,92,34,Ruby,5,0,3,0,2017-11-24 19:38:32+00:00
yyyc514/faker,2008-08-28 17:25:12+00:00,104,79,Ruby,14,1,1,1,2017-05-26 14:36:38+00:00
dpickett/amazon_associate,2008-10-21 16:40:23+00:00,193,29,Ruby,5,1,2,0,2016-06-18 07:20:46+00:00
russ/country_code_select,2008-07-13 18:21:05+00:00,166,31,Ruby,45,4,4,7,2016-05-27 13:23:11+00:00
dhh/tolk,2008-11-23 20:51:10+00:00,994,524,Ruby,127,2,11,4,2017-11-24 18:31:59+00:00
webmat/git_remote_branch,2008-06-03 01:16:56+00:00,467,383,Ruby,33,3,15,8,2016-11-24 13:49:45+00:00
infused/dbf,2008-05-02 06:44:06+00:00,844,210,Ruby,76,1,15,30,2019-02-22 19:15:54+00:00
gregbell/simplified_breadcrumbs,2008-10-10 16:26:01+00:00,92,5,Ruby,11,0,2,0,2017-09-28 08:36:40+00:00
paulcarey/relaxdb,2008-07-22 15:24:16+00:00,655,103,Ruby,9,0,2,5,2017-04-17 11:17:31+00:00
cjbottaro/has_easy,2008-06-17 21:26:06+00:00,98,59,Ruby,20,0,2,2,2017-03-29 16:50:17+00:00
squeejee/search_sniffer,2008-07-15 19:51:25+00:00,304,38,Ruby,11,1,6,0,2017-11-24 19:27:37+00:00
nkallen/cache-money,2008-11-25 00:53:12+00:00,510,995,Ruby,115,23,7,1,2017-04-17 11:59:00+00:00
omghax/acts_as_state_machine,2008-04-09 18:57:51+00:00,97,113,Ruby,31,0,2,0,2017-11-24 18:38:00+00:00
svenfuchs/rails-i18n,2008-07-31 13:07:53+00:00,2542,3521,Ruby,2585,43,89,436,2019-08-19 22:13:40+00:00
lmarlow/gemedit,2008-02-28 18:56:55+00:00,217,108,Ruby,5,1,4,2,2017-04-17 12:53:17+00:00
iain/http_accept_language,2008-07-30 22:32:59+00:00,81,631,Ruby,141,7,32,22,2017-06-28 16:04:08+00:00
jackdempsey/acts_as_commentable,2008-03-12 07:11:22+00:00,379,819,Ruby,114,15,13,23,2016-05-27 15:47:26+00:00
evan/bleak_house,2008-06-11 19:59:33+00:00,27721,186,Ruby,8,0,2,5,2017-08-15 05:43:42+00:00
ari/jobsworth,2008-10-01 00:37:47+00:00,30308,602,Ruby,211,41,49,31,2017-11-24 18:32:06+00:00
ph7/xray,2008-07-23 05:36:26+00:00,293,49,Ruby,6,2,4,1,2017-11-24 20:03:48+00:00
Gabrielg1976/ruby_music_projects,2008-10-20 21:04:11+00:00,605,29,Ruby,8,0,2,2,2017-11-24 19:41:09+00:00
rgrove/thoth,2008-03-12 05:55:44+00:00,700,70,Ruby,8,0,2,2,2017-12-12 04:39:02+00:00
binarylogic/memorylogic,2008-09-11 16:56:20+00:00,312,346,Ruby,23,1,9,1,2017-07-16 01:36:39+00:00
defunkt/github-gem,2008-02-28 09:35:34+00:00,673,1099,Ruby,191,61,29,39,2017-04-17 12:57:50+00:00
mbleigh/princely,2008-03-23 14:47:53+00:00,113,221,Ruby,93,6,6,22,2017-08-01 10:44:50+00:00
technoweenie/acts_as_versioned,2008-03-04 04:49:32+00:00,505,409,Ruby,160,15,7,11,2016-11-24 15:06:07+00:00
svenfuchs/routing-filter,2008-05-29 23:08:07+00:00,225,431,Ruby,72,16,13,23,2019-09-09 20:25:19+00:00
schacon/git-ruby,2008-03-09 01:56:17+00:00,588,45,Ruby,12,1,3,1,2016-07-10 11:44:38+00:00
pboling/capistrano_mailer,2008-08-04 14:45:05+00:00,195,45,Ruby,27,3,5,12,2016-05-27 13:10:26+00:00
toy/dump,2008-08-14 11:33:34+00:00,643,87,Ruby,13,8,6,8,2019-07-14 20:09:10+00:00
nickstenning/validates_date_time,2008-07-26 16:04:54+00:00,158,75,Ruby,14,3,4,4,2016-05-27 18:13:29+00:00
brendanlim/sms-fu,2008-03-30 20:03:02+00:00,372,327,Ruby,129,12,7,10,2016-11-24 15:41:50+00:00
xaviershay/enki,2008-04-11 23:54:11+00:00,12735,835,Ruby,303,1,19,25,2017-05-18 11:39:53+00:00
mynewsdesk/translate,2009-01-21 15:39:32+00:00,569,353,Ruby,89,13,45,5,2017-08-19 16:49:24+00:00
lazyatom/engines,2008-04-18 20:56:06+00:00,695,177,Ruby,25,0,2,12,2017-11-24 18:40:23+00:00
adzap/date_time_text_field_helpers,2008-06-17 11:21:28+00:00,343,16,Ruby,8,4,2,2,2016-05-08 09:47:40+00:00
jamesgolick/classy_resources,2009-01-28 00:20:08+00:00,124,42,Ruby,7,0,2,1,2017-11-24 19:42:26+00:00
topfunky/ar_fixtures,2008-06-11 16:37:27+00:00,237,68,Ruby,22,3,3,1,2017-11-24 18:54:57+00:00
whomwah/rqrcode,2008-04-03 09:31:15+00:00,447,1167,Ruby,167,8,34,26,2019-11-07 10:14:01+00:00
hgmnz/sexy_flash,2008-12-21 05:29:43+00:00,103,25,Ruby,7,0,3,2,2017-11-24 20:11:49+00:00
timcharper/git-tmbundle,2008-03-03 18:47:08+00:00,1530,292,Ruby,72,0,4,17,2016-11-24 16:31:11+00:00
JackDanger/simple_memoize,2008-03-26 19:35:46+00:00,357,24,Ruby,6,1,3,3,2017-04-17 16:14:22+00:00
pillowfactory/rubyamf_quickly,2008-07-30 18:02:01+00:00,155,29,Ruby,7,0,2,2,2017-11-24 19:39:09+00:00
mcommons/legislative-lookup,2008-12-19 17:06:36+00:00,36594,32,Ruby,7,0,5,7,2017-11-24 20:13:13+00:00
ruby/spec,2009-01-15 08:19:09+00:00,18938,381,Ruby,330,5,56,320,2017-11-24 18:27:55+00:00
nakajima/capistrano-bells,2008-02-20 09:03:16+00:00,108,25,Ruby,8,0,2,1,2017-11-24 19:42:35+00:00
assaf/scrapi,2008-08-25 20:18:45+00:00,499,154,Ruby,28,2,7,2,2016-11-24 15:39:24+00:00
gwik/lighthouse-git-hooks,2008-07-04 13:43:19+00:00,104,22,Ruby,5,0,3,1,2016-05-08 16:17:08+00:00
mojombo/erlectricity,2008-03-08 01:32:13+00:00,200,343,Ruby,45,4,11,6,2017-04-17 12:16:40+00:00
topfunky/gruff,2008-03-11 22:06:00+00:00,119363,985,Ruby,195,76,32,35,2017-04-17 13:03:33+00:00
quix/linalg,2008-09-06 18:21:56+00:00,221,102,Ruby,17,4,2,1,2017-04-17 13:54:19+00:00
datamapper/dm-core,2009-01-26 06:42:36+00:00,14912,781,Ruby,162,101,26,78,2017-04-17 12:03:08+00:00
lyokato/ruby-atomutil,2008-12-30 16:28:36+00:00,618,17,Ruby,6,0,2,3,2018-09-04 13:56:23+00:00
defunkt/ambition,2008-01-14 06:28:56+00:00,473,158,Ruby,15,1,4,3,2016-11-24 16:40:40+00:00
activescaffold/active_scaffold,2008-05-21 17:47:42+00:00,7560,983,Ruby,323,33,27,93,2019-07-10 12:15:29+00:00
tyler/uppercut,2008-08-05 05:37:18+00:00,243,85,Ruby,5,0,2,3,2017-04-17 17:04:48+00:00
glenngillen/semantic_form_builder,2008-07-16 09:31:57+00:00,134,158,Ruby,19,1,1,2,2017-11-24 18:34:46+00:00
georgi/shinmun,2008-09-06 11:32:20+00:00,627,85,Ruby,11,1,3,2,2017-04-17 12:55:22+00:00
typus/typus,2008-04-17 22:59:41+00:00,14886,1138,Ruby,243,66,22,77,2016-11-24 13:52:28+00:00
seanohalpin/ffi-ncurses,2008-11-05 18:29:50+00:00,958,78,Ruby,21,10,2,1,2016-05-27 13:18:39+00:00
ActsAsParanoid/acts_as_paranoid,2008-03-04 04:48:18+00:00,395,1057,Ruby,173,36,21,61,2019-10-23 02:48:36+00:00
copiousfreetime/crate,2008-11-07 06:36:13+00:00,653,92,Ruby,14,0,4,1,2017-11-24 18:59:02+00:00
tog/tog_core,2008-08-21 10:38:28+00:00,603,38,Ruby,18,0,5,8,2017-11-24 19:53:16+00:00
BMorearty/usesguid,2009-01-02 19:08:54+00:00,96,28,Ruby,11,1,2,0,2016-05-27 13:40:59+00:00
ryanb/ruby-warrior,2008-07-04 21:59:44+00:00,880,3589,Ruby,815,53,230,7,2016-11-24 15:46:08+00:00
kennethkalmer/daemon-kit,2009-01-07 14:13:11+00:00,1796,548,Ruby,62,9,14,20,2018-04-25 08:02:23+00:00
ahobson/ambling,2008-08-26 02:26:06+00:00,165,46,Ruby,7,1,2,1,2016-05-27 13:30:41+00:00
danwrong/ar-openid-store,2008-06-29 23:27:55+00:00,83,5,Ruby,5,1,2,1,2018-05-17 14:44:57+00:00
ewildgoose/smart_session_store,2008-07-16 11:46:50+00:00,103,4,Ruby,12,0,2,2,2017-09-26 09:36:39+00:00
sevenwire/forgery,2008-02-06 22:33:31+00:00,472,773,Ruby,100,6,16,42,2017-12-12 19:50:37+00:00
cjbottaro/param_protected,2008-05-19 02:44:12+00:00,173,88,Ruby,12,5,3,4,2016-05-27 18:18:48+00:00
neall/ruby_koans,2009-01-27 13:01:09+00:00,95,16,Ruby,1702,0,4,0,2016-05-27 14:16:39+00:00
ianwhite/resources_controller,2008-04-09 08:03:01+00:00,1311,81,Ruby,24,5,2,7,2016-05-27 15:14:27+00:00
jnunemaker/scrobbler,2008-02-14 02:53:43+00:00,181,48,Ruby,51,1,3,3,2017-11-24 19:31:00+00:00
matthooks/vimeo,2008-12-11 06:02:11+00:00,3770,324,Ruby,85,23,13,19,2017-04-04 14:17:44+00:00
latimes/css_browser_selector,2008-10-28 23:57:28+00:00,121,13,Ruby,6,0,3,2,2017-11-24 23:10:15+00:00
ruby-git/ruby-git,2008-01-27 17:23:23+00:00,686,1336,Ruby,415,16,36,54,2018-08-10 07:59:07+00:00
bterlson/redmine-status-updates,2008-06-25 20:43:50+00:00,225,51,Ruby,17,9,3,3,2017-11-24 19:00:25+00:00
henrypoydar/chronic_duration,2009-01-11 21:00:44+00:00,385,313,Ruby,64,19,14,15,2017-04-17 10:14:50+00:00
gma/nesta,2008-11-27 00:57:49+00:00,695,906,Ruby,133,21,23,21,2017-04-17 14:45:36+00:00
osbridge/openconferenceware,2009-01-19 12:58:06+00:00,5394,254,Ruby,58,55,31,11,2017-11-24 18:38:19+00:00
nakajima/sinatras-hat,2008-10-03 08:30:19+00:00,341,143,Ruby,15,6,3,2,2017-11-24 18:38:28+00:00
pjlegato/ruby-sesame,2008-11-22 11:23:00+00:00,108,17,Ruby,5,0,2,1,2017-11-24 20:11:36+00:00
tog/tog_conversatio,2008-08-21 11:51:09+00:00,664,17,Ruby,6,0,5,7,2017-11-24 20:13:27+00:00
tog/tog_user,2008-08-21 11:17:41+00:00,377,21,Ruby,14,0,5,10,2017-11-24 19:42:42+00:00
aziz/farsifu,2008-08-17 01:29:23+00:00,186,24,Ruby,6,0,5,4,2016-05-27 14:00:43+00:00
jeremyevans/fixture_dependencies,2008-04-07 21:36:19+00:00,108,35,Ruby,25,0,2,9,2017-04-17 12:43:06+00:00
pelargir/rspec_validation_expectations,2008-08-14 21:23:14+00:00,90,40,Ruby,10,0,2,1,2016-05-27 18:54:21+00:00
nando/mundo-pepino,2008-12-04 21:27:00+00:00,1555,25,Ruby,5,9,5,4,2017-04-17 14:29:29+00:00
JackDanger/permanent_records,2008-03-04 19:30:54+00:00,1299,226,Ruby,60,16,12,21,2019-05-03 11:13:45+00:00
zapnap/database_form,2008-03-04 15:25:37+00:00,94,17,Ruby,7,0,1,1,2017-11-24 19:55:51+00:00
pivotalexperimental/desert,2008-05-17 03:54:47+00:00,2773,187,Ruby,31,11,4,5,2017-08-15 05:48:10+00:00
fizx/thread_pool,2008-09-24 15:45:53+00:00,101,26,Ruby,7,0,3,1,2017-04-23 15:49:52+00:00
ck/merb-auth-slice-password-reset,2008-10-22 18:49:08+00:00,107,8,Ruby,8,0,1,4,2016-05-08 15:25:21+00:00
cpjolicoeur/cerberus,2008-12-21 18:50:58+00:00,2558,83,Ruby,16,1,2,10,2018-01-28 08:59:51+00:00
tapajos/highrise,2009-01-14 23:23:05+00:00,238,127,Ruby,78,12,4,24,2016-11-24 13:49:44+00:00
norman/disqus,2008-08-26 18:08:10+00:00,275,252,Ruby,56,6,10,4,2016-11-24 15:43:13+00:00
damog/feedbag,2008-12-16 01:41:59+00:00,70,103,Ruby,40,2,6,12,2019-01-13 12:14:35+00:00
camptocamp/puppet-iptables,2008-12-03 17:00:21+00:00,128,59,Ruby,28,0,21,12,2017-11-24 19:03:18+00:00
kete/tiny_mce,2008-07-13 21:00:01+00:00,4506,427,Ruby,77,2,7,12,2016-11-24 13:53:13+00:00
jscruggs/metric_fu,2008-09-12 02:21:57+00:00,3184,565,Ruby,244,2,5,30,2017-11-24 18:39:46+00:00
jsgoecke/whitepages,2009-01-08 17:02:20+00:00,141,12,Ruby,5,0,2,2,2016-08-29 16:14:39+00:00
maxjustus/sinatra-authentication,2008-12-05 02:17:45+00:00,636,485,Ruby,107,18,19,21,2017-04-17 14:08:46+00:00
blaine/xmpp4r-simple,2008-07-30 21:57:54+00:00,193,146,Ruby,83,13,5,1,2017-11-24 18:34:06+00:00
jerrett/rails_money,2008-05-31 04:07:08+00:00,226,16,Ruby,11,0,2,3,2017-11-24 20:02:32+00:00
flergl/java-properties-for-ruby,2008-06-14 20:17:15+00:00,254,10,Ruby,5,2,2,0,2017-04-17 12:44:49+00:00
SwankInnovations/radiant-sns-minifier-extension,2008-10-19 00:18:24+00:00,276,9,Ruby,5,1,2,3,2017-11-24 22:05:35+00:00
patmaddox/giternal,2008-08-02 07:19:25+00:00,114,200,Ruby,18,5,8,2,2017-04-17 12:56:30+00:00
technicalpickles/factory_girl_on_rails,2008-08-12 16:23:59+00:00,86,35,Ruby,6,0,2,2,2017-11-24 19:23:49+00:00
jystewart/multi-database-migrations,2008-12-03 15:50:54+00:00,99,6,Ruby,12,0,2,1,2017-04-04 15:07:57+00:00
tslocke/rubydoctest,2008-05-24 11:00:57+00:00,350,92,Ruby,13,9,8,9,2017-04-21 16:06:19+00:00
thoughtworks/cruisecontrol.rb,2008-07-29 21:56:49+00:00,46383,638,Ruby,222,30,27,50,2017-09-12 18:37:28+00:00
squeejee/acts_as_redeemable,2008-07-10 03:15:50+00:00,88,74,Ruby,9,0,5,0,2017-06-04 22:36:39+00:00
thoughtbot/hoptoad_notifier,2008-07-23 18:11:17+00:00,589,415,Ruby,114,0,44,39,2017-04-21 15:34:19+00:00
gwolf/comas,2008-09-30 22:37:28+00:00,4486,24,Ruby,6,0,4,2,2017-11-24 20:16:24+00:00
jqr/has_one_autocreate,2008-05-04 00:05:16+00:00,96,12,Ruby,5,1,2,3,2016-05-27 13:23:18+00:00
mattetti/mimetype-fu,2008-03-05 05:40:22+00:00,103,86,Ruby,32,0,1,7,2017-11-24 18:58:02+00:00
pluginaweek/state_machine,2008-06-25 03:41:05+00:00,5785,3702,Ruby,472,93,88,22,2017-04-21 16:11:44+00:00
ryanfelton/textile-editor-helper,2008-09-19 20:04:58+00:00,254,91,Ruby,21,3,3,5,2017-01-25 17:22:13+00:00
simonoff/roo,2009-01-29 02:43:45+00:00,2182,427,Ruby,395,7,9,3,2017-08-10 03:43:48+00:00
radiant/radiant-import-export-extension,2008-06-20 16:50:20+00:00,244,16,Ruby,8,0,2,8,2017-04-17 15:23:29+00:00
geokit/geokit,2008-12-01 05:49:32+00:00,13091,1495,Ruby,349,19,40,79,2018-07-19 10:54:05+00:00
robmckinnon/rugalytics,2008-06-02 23:47:22+00:00,501,114,Ruby,13,0,4,4,2016-05-27 17:16:47+00:00
vanpelt/merb_facebooker,2008-03-30 02:44:34+00:00,114,38,Ruby,17,1,2,5,2017-11-24 19:56:04+00:00
marcandre/packable,2008-11-11 05:56:30+00:00,61,27,Ruby,15,1,4,4,2019-04-26 02:14:02+00:00
seangeo/auth-hmac,2008-07-10 03:39:09+00:00,128,31,Ruby,12,2,8,2,2016-06-18 07:20:42+00:00
ilozka/git-commit-notifier,2008-10-30 10:08:13+00:00,398,15,Ruby,76,6,3,0,2017-11-25 01:28:06+00:00
aflatter/money,2008-07-28 12:48:25+00:00,107,17,Ruby,36,0,2,0,2017-11-24 19:27:10+00:00
rails/ssl_requirement,2008-05-29 20:57:36+00:00,79,320,Ruby,167,6,8,3,2017-04-17 16:37:03+00:00
tog/tog_mail,2008-08-21 11:35:57+00:00,244,19,Ruby,10,0,5,3,2017-11-24 19:59:38+00:00
seanhussey/woulda,2008-06-27 20:40:53+00:00,265,51,Ruby,7,0,2,9,2016-05-27 13:56:19+00:00
NUBIC/surveyor,2009-01-23 18:21:27+00:00,6763,744,Ruby,275,79,42,34,2016-11-24 15:50:16+00:00
bensie/enom,2008-12-24 14:45:39+00:00,774,31,Ruby,30,1,3,3,2017-04-17 12:19:01+00:00
mleventi/acts-as-dag,2008-07-22 16:42:23+00:00,132,49,Ruby,47,3,3,1,2017-11-24 19:38:31+00:00
rlivsey/timed_fragment_cache,2008-06-24 08:31:40+00:00,76,24,Ruby,12,0,2,1,2017-11-24 19:28:08+00:00
johnnagro/spider,2008-10-28 14:19:10+00:00,70,20,Ruby,6,0,1,3,2018-04-23 17:27:45+00:00
zackchandler/trustcommerce,2008-03-31 04:26:50+00:00,147,15,Ruby,6,1,2,1,2017-11-25 00:17:41+00:00
basecamp/libmemcached_store,2008-08-18 19:35:33+00:00,124,82,Ruby,24,0,12,2,2017-11-24 18:58:49+00:00
heycarsten/email-veracity,2008-02-29 04:37:30+00:00,372,133,Ruby,12,2,6,2,2017-04-17 12:14:26+00:00
matpalm/resemblance,2008-10-01 09:57:41+00:00,358,76,Ruby,14,0,9,3,2017-12-04 15:05:55+00:00
technoweenie/sentry,2008-06-10 20:27:15+00:00,90,36,Ruby,14,2,3,1,2017-11-24 20:11:25+00:00
famoseagle/sweatshop,2009-01-14 00:40:17+00:00,359,38,Ruby,10,3,3,5,2017-04-17 16:43:11+00:00
wvanbergen/clieop,2008-09-16 18:06:10+00:00,1532,14,Ruby,5,0,4,4,2017-04-17 11:25:33+00:00
thoughtbot/clearance,2008-09-24 19:57:58+00:00,6504,3206,Ruby,426,14,80,137,2019-12-19 21:09:02+00:00
chris/better_nested_set,2008-06-12 18:06:10+00:00,85,62,Ruby,17,4,2,1,2017-11-24 19:01:00+00:00
raggi/github_post_receive_server,2008-05-11 01:15:29+00:00,122,91,Ruby,36,0,3,3,2017-11-24 18:57:56+00:00
tog/tog_picto,2008-08-21 11:40:11+00:00,461,13,Ruby,6,0,5,8,2017-11-25 01:28:55+00:00
pullmonkey/open_flash_chart,2008-07-24 15:43:49+00:00,2642,273,Ruby,57,7,7,11,2017-11-24 18:36:53+00:00
topfunky/google-checkout,2008-05-03 17:07:50+00:00,299,64,Ruby,23,0,3,3,2016-05-27 15:24:38+00:00
tobie/pdoc,2008-04-08 00:29:47+00:00,698,107,Ruby,16,2,6,11,2017-04-17 15:01:51+00:00
copiousfreetime/hitimes,2008-09-14 06:52:43+00:00,338,133,Ruby,20,1,9,10,2019-09-23 13:09:10+00:00
atmos/merb_hoptoad_notifier,2008-10-11 20:11:30+00:00,114,7,Ruby,12,0,4,5,2017-04-17 14:07:27+00:00
tobi/delayed_job,2008-02-17 21:00:03+00:00,4838,2101,Ruby,1165,49,26,19,2016-11-24 15:43:23+00:00
antw/iniparse,2009-01-08 22:03:31+00:00,163,28,Ruby,14,2,4,6,2017-06-01 15:29:10+00:00
planetargon/flash-message-conductor,2008-08-28 06:04:16+00:00,189,154,Ruby,19,1,10,6,2017-04-17 12:43:26+00:00
chrisjpowers/iterm_window,2008-06-06 21:53:05+00:00,193,23,Ruby,11,1,2,4,2017-04-17 13:29:39+00:00
zendesk/kamcaptcha,2008-07-16 12:13:51+00:00,178,62,Ruby,9,2,7,2,2017-11-24 18:58:34+00:00
gunark/jasperserver-client,2008-09-19 20:18:55+00:00,451,28,Ruby,5,6,5,1,2017-11-24 20:12:31+00:00
3scale/3scale_ws_api_for_ruby,2008-10-02 10:52:14+00:00,228,28,Ruby,9,3,43,14,2016-11-25 16:54:53+00:00
entp/seinfeld,2008-07-28 18:16:51+00:00,1830,120,Ruby,44,0,3,15,2017-11-24 18:38:04+00:00
rsl/stringex,2008-02-19 15:31:07+00:00,662,977,Ruby,142,14,16,61,2018-11-15 18:57:16+00:00
yfactorial/roxy,2008-11-09 18:27:29+00:00,90,65,Ruby,6,0,2,1,2017-04-23 16:56:52+00:00
activemerchant/active_merchant,2008-05-20 13:53:26+00:00,20897,4104,Ruby,2308,166,168,512,2019-12-02 12:51:32+00:00
faker-ruby/faker,2008-12-24 17:20:37+00:00,6948,8244,Ruby,2225,127,133,548,2019-02-12 12:29:39+00:00
myobie/htmldiff,2008-11-21 04:54:21+00:00,172,205,Ruby,59,4,2,2,2017-04-17 11:55:38+00:00
mmangino/tunnlr_connector,2008-06-26 17:05:59+00:00,255,14,Ruby,10,0,3,3,2017-09-02 09:36:42+00:00
ninjudd/method_cache,2009-01-10 02:37:05+00:00,312,8,Ruby,6,2,6,2,2017-04-17 13:36:41+00:00
dan-manges/unit-record,2008-04-28 02:48:04+00:00,324,112,Ruby,6,4,4,3,2017-11-24 18:35:30+00:00
mikel/mail,2008-11-22 03:16:54+00:00,6269,2976,Ruby,751,67,76,184,2017-05-09 05:08:27+00:00
davidsmalley/extensionless_format,2008-03-26 18:04:55+00:00,87,9,Ruby,5,0,2,2,2017-11-24 22:31:06+00:00
ryanb/populator,2008-08-27 18:35:15+00:00,260,390,Ruby,42,12,6,5,2016-11-24 15:41:01+00:00
adkron/actsaswizard,2008-04-29 02:28:18+00:00,484,120,Ruby,7,0,1,1,2017-11-24 18:35:34+00:00
bruno/openaustralia-parser,2008-03-10 05:10:33+00:00,1397,6,Ruby,7,0,2,2,2016-05-08 06:19:39+00:00
ejdraper/feather-plugins,2008-03-29 00:14:38+00:00,1724,50,Ruby,9,0,4,14,2016-05-08 08:44:04+00:00
springbok/smerf,2009-01-01 23:47:25+00:00,320,131,Ruby,17,5,4,3,2017-11-24 18:39:25+00:00
carrierwaveuploader/carrierwave,2008-08-28 18:39:49+00:00,3521,8390,Ruby,1510,118,151,350,2019-10-10 14:39:57+00:00
jekyll/jekyll,2008-10-20 06:29:03+00:00,17101,39352,Ruby,8598,152,1457,736,2019-08-20 14:49:14+00:00
sporkmonger/addressable,2008-06-05 19:00:11+00:00,1835,1207,Ruby,182,36,26,76,2019-01-18 07:19:08+00:00
landlessness/foreign-domain-routing,2008-11-13 00:11:16+00:00,89,12,Ruby,5,0,1,0,2017-11-24 21:48:58+00:00
factore/has_foreign_language,2009-01-20 21:00:41+00:00,144,19,Ruby,6,1,4,3,2017-04-17 13:04:55+00:00
ryanb/scope-builder,2008-06-26 14:39:21+00:00,297,48,Ruby,5,2,3,1,2016-05-27 17:11:04+00:00
econsultancy/csv_builder,2008-06-26 09:40:07+00:00,322,65,Ruby,48,1,3,3,2016-06-18 07:39:52+00:00
shuber/sortable,2009-01-17 08:06:40+00:00,136,149,Ruby,9,6,3,2,2016-11-24 15:49:05+00:00
radiant/radiant,2008-06-20 15:28:43+00:00,15258,1694,Ruby,339,67,72,72,2016-05-27 16:30:59+00:00
francois/quicken_parser,2008-11-20 16:06:25+00:00,140,18,Ruby,9,0,2,1,2017-04-17 12:49:51+00:00
medwards/free-library-on-rails,2008-04-15 00:01:45+00:00,1645,13,Ruby,5,7,4,4,2017-11-25 06:18:22+00:00
defunkt/choice,2008-04-25 18:30:30+00:00,145,175,Ruby,22,2,6,5,2017-04-21 15:25:42+00:00
chrisk/fakeweb,2008-10-13 06:53:18+00:00,513,1066,Ruby,121,33,15,20,2016-11-24 13:51:51+00:00
basecamp/cached_externals,2008-10-30 15:45:22+00:00,20,101,Ruby,9,0,12,6,2017-11-24 18:33:45+00:00
jankubr/freec,2009-01-23 15:29:37+00:00,52,20,Ruby,5,0,3,1,2017-10-25 07:09:23+00:00
delano/scruffy,2008-12-11 20:48:40+00:00,327,31,Ruby,12,0,5,1,2017-11-24 19:23:03+00:00
markbates/configatron,2008-06-10 18:28:42+00:00,300,570,Ruby,59,1,13,19,2017-03-08 06:21:55+00:00
jviney/acts_as_taggable_on_steroids,2008-10-01 05:18:28+00:00,355,257,Ruby,70,12,5,3,2016-11-24 15:06:36+00:00
miriam/free_cite,2008-08-12 16:10:06+00:00,9209,12,Ruby,19,0,2,1,2017-04-04 14:34:37+00:00
ruby-i18n/i18n,2008-06-13 12:47:13+00:00,1457,817,Ruby,337,44,26,136,2020-01-07 21:58:51+00:00
FooBarWidget/default_value_for,2008-09-22 17:04:11+00:00,134,672,Ruby,86,4,13,29,2019-08-20 23:54:57+00:00
jnewland/fireeagle,2008-02-22 02:00:43+00:00,212,41,Ruby,11,0,4,3,2017-11-24 19:24:10+00:00
datanoise/actionwebservice,2008-07-02 18:19:54+00:00,276,152,Ruby,139,6,3,3,2017-05-31 09:37:04+00:00
lukegalea/hyperactiveresource,2008-07-21 17:58:41+00:00,351,110,Ruby,23,1,3,1,2016-11-24 16:51:05+00:00
santry/flickrtags,2008-03-14 15:10:13+00:00,109,9,Ruby,6,0,2,2,2017-11-25 00:07:22+00:00
tenderlove/namecase,2008-10-06 00:53:57+00:00,330,116,Ruby,11,5,3,7,2017-11-24 18:07:20+00:00
github/albino,2008-05-11 04:45:03+00:00,156,220,Ruby,33,0,12,7,2017-04-17 10:04:14+00:00
langalex/couch_potato,2008-10-05 18:10:11+00:00,1176,316,Ruby,61,5,9,31,2017-07-12 14:15:03+00:00
arydjmal/to_csv,2008-06-11 16:07:48+00:00,133,95,Ruby,19,0,2,3,2017-05-26 14:36:40+00:00
mwarnock/rails-google-visualization-plugin,2008-06-26 01:14:52+00:00,845,33,Ruby,13,1,2,2,2017-11-24 19:30:23+00:00
ymendel/one_inch_punch,2008-08-18 11:37:58+00:00,167,40,Ruby,9,0,4,1,2019-03-01 19:12:19+00:00
xaviershay/kamel,2008-06-08 04:24:06+00:00,125,20,Ruby,5,0,3,2,2017-04-17 13:48:13+00:00
foysavas/dm-geokit,2008-06-19 18:15:20+00:00,213,21,Ruby,12,4,2,6,2017-05-09 08:56:51+00:00
benstein/pivotal-tracker-email-integration,2008-12-06 18:28:53+00:00,93,7,Ruby,7,0,2,0,2016-05-08 19:22:26+00:00
joshfrench/rakismet,2008-04-21 00:09:57+00:00,203,331,Ruby,43,7,7,17,2017-07-14 20:47:43+00:00
mutle/fu2,2008-06-01 23:14:58+00:00,103568,14,Ruby,6,5,8,5,2017-04-06 00:28:35+00:00
cainlevy/semantic-attributes,2008-05-06 00:07:10+00:00,240,23,Ruby,10,0,3,4,2019-10-25 13:12:36+00:00
lak/facter,2008-04-30 17:38:43+00:00,1248,34,Ruby,10,0,1,8,2017-11-24 19:54:12+00:00
kipcole9/rails-i18n-translation-inheritance-helper,2009-01-14 02:28:18+00:00,80,27,Ruby,9,0,3,0,2017-11-24 19:45:22+00:00
tj/terminal-table,2009-01-07 23:43:22+00:00,199,995,Ruby,102,10,24,27,2017-05-17 03:07:09+00:00
commonthread/flickr_fu,2008-06-01 00:27:55+00:00,424,219,Ruby,55,11,9,19,2017-04-17 11:52:38+00:00
ikai/jruby-memcache-client,2008-12-18 23:34:14+00:00,671,32,Ruby,17,2,2,7,2017-04-17 13:27:23+00:00
abikounso/ar_extractor,2008-10-15 23:48:46+00:00,98,13,Ruby,6,0,3,3,2016-05-08 19:22:27+00:00
dfischer/sexy_scaffold,2008-03-12 01:43:08+00:00,91,46,Ruby,5,0,2,0,2017-11-24 19:41:09+00:00
Roman2K/rails-dev-boost,2008-11-20 22:46:22+00:00,189,16,Ruby,35,0,2,1,2016-05-27 17:50:29+00:00
paolodona/rails-widgets,2008-07-02 22:59:18+00:00,1897,278,Ruby,37,4,3,6,2017-09-08 00:37:06+00:00
defunkt/cheat,2008-03-12 06:09:09+00:00,235,231,Ruby,41,3,15,11,2017-06-17 15:36:40+00:00
rsim/oracle-enhanced,2008-05-04 22:02:14+00:00,6146,510,Ruby,272,10,34,73,2019-08-17 04:10:14+00:00
mbleigh/subdomain-fu,2008-06-02 20:03:53+00:00,327,605,Ruby,121,23,13,22,2016-11-24 15:44:45+00:00
pdeffendol/spatial_adapter,2008-05-05 20:00:24+00:00,648,210,Ruby,106,15,3,8,2017-04-17 10:26:40+00:00
nofxx/subtitle_it,2008-09-04 22:02:37+00:00,298,33,Ruby,11,8,4,4,2017-04-04 02:04:52+00:00
imajes/postalmethods,2008-08-19 14:45:45+00:00,486,10,Ruby,9,5,2,1,2017-09-06 05:36:44+00:00
kpumuk/meta-tags,2008-09-17 01:41:59+00:00,556,2232,Ruby,259,10,40,47,2019-10-10 21:54:34+00:00
mdarby/acts_as_video_fu,2008-10-05 14:34:59+00:00,98,33,Ruby,5,0,1,1,2017-04-22 07:54:27+00:00
raul/translate_routes,2008-06-06 14:42:37+00:00,754,275,Ruby,50,1,4,7,2016-11-24 15:49:57+00:00
jm/foundry,2009-01-22 16:24:47+00:00,99,50,Ruby,5,0,2,5,2017-11-24 20:15:44+00:00
royw/railroad_xing,2008-12-14 22:28:06+00:00,233,50,Ruby,6,1,2,2,2016-05-27 17:08:41+00:00
martinrehfeld/ext_scaffold,2008-11-27 09:10:07+00:00,214,86,Ruby,8,0,2,3,2017-11-24 18:57:58+00:00
adamhjk/munin-graphite,2008-06-30 18:01:48+00:00,99,64,Ruby,26,4,5,1,2017-11-24 19:02:52+00:00
prior/prawnto,2008-07-30 03:52:04+00:00,2115,325,Ruby,96,15,3,0,2017-11-24 18:40:04+00:00
geemus/acts_as_taggable_redux,2008-05-12 21:13:13+00:00,165,93,Ruby,16,0,5,7,2017-11-24 18:58:14+00:00
alexgutteridge/rsruby,2008-11-11 13:38:58+00:00,132,320,Ruby,56,16,16,6,2017-11-24 18:36:51+00:00
jm/matchy,2008-10-05 15:25:49+00:00,171,124,Ruby,20,1,3,4,2017-11-24 18:30:37+00:00
GavinJoyce/rubyjobs,2008-12-10 07:22:43+00:00,1047,29,Ruby,14,0,2,8,2017-11-24 20:13:34+00:00
Shopify/shopify_app,2008-10-09 15:10:52+00:00,13689,1071,Ruby,435,72,279,142,2020-01-08 16:10:12+00:00
DocSavage/rails-authorization-plugin,2008-02-14 04:39:46+00:00,651,247,Ruby,35,5,3,5,2017-04-12 13:39:01+00:00
practicingruby/prawn-layout,2009-01-15 23:57:57+00:00,200,72,Ruby,24,7,4,8,2017-03-29 16:50:37+00:00
yob/onix,2008-06-11 07:45:21+00:00,5265,41,Ruby,36,8,5,2,2016-05-27 16:47:31+00:00
bkerley/railsdebugbar,2008-09-21 01:26:09+00:00,85,38,Ruby,6,0,1,1,2017-11-24 19:53:51+00:00
timcharper/role_requirement,2008-06-12 05:38:51+00:00,549,254,Ruby,35,3,3,3,2017-07-11 10:36:43+00:00
peteonrails/vote_fu,2008-07-11 03:55:32+00:00,333,202,Ruby,118,2,2,5,2017-07-12 20:36:32+00:00
kevinclark/dust,2008-06-01 00:43:28+00:00,710,65,Ruby,5,1,3,1,2017-11-24 22:04:00+00:00
binarylogic/searchlogic,2008-08-25 05:23:31+00:00,6616,1399,Ruby,135,120,16,26,2017-04-17 10:14:52+00:00
jnunemaker/httparty,2008-07-28 20:55:11+00:00,1392,5080,Ruby,865,28,63,197,2019-12-16 14:42:30+00:00
mbleigh/seed-fu,2008-04-01 13:36:22+00:00,168,1022,Ruby,142,48,21,29,2018-04-07 07:26:48+00:00
Fingertips/nap,2008-08-12 08:52:10+00:00,313,35,Ruby,9,0,4,8,2017-04-17 14:44:01+00:00
quirkey/static_model,2008-07-09 19:37:47+00:00,356,62,Ruby,15,3,3,4,2017-04-17 16:40:31+00:00
flogic/object_daddy,2008-04-15 02:56:52+00:00,2444,106,Ruby,18,2,8,5,2017-04-04 14:06:10+00:00
DanielVartanov/ruby-geometry,2008-08-21 11:43:10+00:00,99,67,Ruby,30,3,4,6,2016-05-27 13:35:22+00:00
riopro/piwik,2008-07-21 17:58:28+00:00,168,18,Ruby,27,0,4,1,2017-11-24 19:48:30+00:00
troessner/reek,2008-09-05 10:48:33+00:00,5394,3183,Ruby,233,52,56,83,2019-11-13 18:30:47+00:00
ndemonner/stone,2008-04-07 18:58:15+00:00,1196,49,Ruby,6,0,4,1,2017-11-24 19:23:34+00:00
assaf/reliable-msg,2008-08-07 04:35:25+00:00,122,12,Ruby,5,0,2,3,2017-04-05 01:53:49+00:00
mmower/platform,2008-03-26 10:30:06+00:00,124,7,Ruby,5,1,3,1,2018-09-10 12:39:17+00:00
amikula/promotego-org,2008-04-25 03:53:28+00:00,4048,15,Ruby,6,4,5,3,2019-08-15 04:13:14+00:00
queso/signal-wiki,2008-01-30 19:57:12+00:00,3438,70,Ruby,13,2,3,3,2017-11-24 19:02:26+00:00
raganwald-deprecated/homoiconic,2008-10-28 02:36:02+00:00,10005,1823,Ruby,117,16,138,27,2016-11-24 16:21:41+00:00
Floppy/carbon-diet,2008-10-14 15:07:06+00:00,4366,8,Ruby,5,86,2,2,2019-10-30 19:15:40+00:00
ianwhite/nested_has_many_through,2008-04-28 21:17:24+00:00,326,142,Ruby,26,5,1,1,2017-08-08 23:41:45+00:00
robolson/ruby-poker,2008-07-11 07:01:35+00:00,338,95,Ruby,34,3,10,5,2016-05-27 17:41:25+00:00
bjeanes/ghost,2008-08-19 01:16:17+00:00,582,760,Ruby,46,7,11,19,2018-03-12 08:33:37+00:00
sferik/twitter,2008-02-14 02:20:50+00:00,19851,4168,Ruby,1137,134,137,167,2017-01-14 20:52:52+00:00
wesabe/wesabe-rubygem,2008-08-04 16:23:28+00:00,415,25,Ruby,9,1,2,3,2017-09-06 20:36:46+00:00
pilu/radiant-gallery,2008-04-11 09:52:43+00:00,451,73,Ruby,26,1,5,5,2017-11-24 19:01:27+00:00
kovyrin/magic-enum,2008-05-13 02:58:26+00:00,220,31,Ruby,8,1,3,4,2016-05-27 15:34:09+00:00
weepy/saucy,2008-10-31 15:20:12+00:00,176,42,Ruby,6,0,2,1,2017-11-24 20:12:09+00:00
fnando/kitabu,2008-06-08 05:15:13+00:00,4679,565,Ruby,55,2,38,12,2016-11-24 13:50:19+00:00
chuyeow/activecouch,2008-04-19 15:05:34+00:00,653,17,Ruby,12,0,2,2,2017-05-09 02:57:16+00:00
openrain/action_mailer_tls,2009-01-15 17:39:48+00:00,147,82,Ruby,9,1,4,1,2017-04-17 09:57:29+00:00
david/merb_cucumber,2008-10-17 21:06:21+00:00,392,24,Ruby,15,0,1,5,2017-04-17 11:58:05+00:00
jvoorhis/music.rb,2008-07-16 19:29:49+00:00,298,46,Ruby,7,0,2,0,2017-11-24 20:11:38+00:00
rubaidh/google_analytics,2008-04-07 10:32:55+00:00,135,132,Ruby,31,0,1,6,2016-11-24 13:50:07+00:00
ealdent/simple-tree,2008-11-19 17:21:03+00:00,220,13,Ruby,6,0,3,1,2017-04-17 12:07:41+00:00
fnando/recurrence,2008-09-21 06:53:27+00:00,185,469,Ruby,46,8,12,8,2017-04-17 12:48:12+00:00
jnicklas/feed_me,2008-04-14 21:33:55+00:00,225,42,Ruby,5,0,2,3,2017-04-17 12:29:16+00:00
bleything/midiator,2008-07-04 18:04:01+00:00,254,99,Ruby,34,3,2,4,2016-05-27 16:34:42+00:00
yaroslav/russian,2008-08-31 19:46:37+00:00,182,450,Ruby,98,20,18,8,2016-05-27 15:46:03+00:00
mdarby/restful_acl,2008-03-16 00:39:40+00:00,1653,125,Ruby,15,0,5,2,2017-04-17 14:05:59+00:00
erikhuda/thor,2008-05-07 20:07:31+00:00,2561,4434,Ruby,489,176,66,173,2019-12-17 15:15:31+00:00
chef/chef,2009-01-15 20:40:48+00:00,116084,6057,Ruby,2387,401,419,556,2019-11-21 22:44:34+00:00
topfunky/calendar_helper,2008-11-10 19:56:22+00:00,332,381,Ruby,98,2,8,14,2017-08-10 03:49:20+00:00
jasherai/acts-as-rated,2008-06-25 06:11:20+00:00,175,56,Ruby,19,3,2,4,2018-10-11 19:36:16+00:00
hoverbird/ny-times-congress,2009-01-24 19:02:27+00:00,341,22,Ruby,7,2,2,2,2017-04-17 13:13:16+00:00
queso/sitemap,2008-03-23 05:21:11+00:00,431,95,Ruby,8,1,4,2,2017-01-22 06:21:08+00:00
tog/tog,2008-08-22 10:09:57+00:00,9143,132,Ruby,9,1,6,4,2016-11-24 13:52:59+00:00
jstewart/system_messages,2008-06-03 01:21:00+00:00,129,35,Ruby,9,0,3,1,2017-01-21 19:21:29+00:00
jmettraux/rufus-scheduler,2008-04-01 04:21:05+00:00,1756,1984,Ruby,179,6,36,49,2019-04-22 00:46:32+00:00
publify/publify,2008-10-23 14:45:23+00:00,30990,1740,Ruby,3814,89,81,76,2016-11-24 13:54:37+00:00
wvanbergen/active_olap,2008-07-27 05:01:58+00:00,1463,58,Ruby,8,1,4,1,2016-05-27 19:28:48+00:00
tbalthazar/ubuntu-machine,2008-12-27 10:32:02+00:00,160,93,Ruby,43,4,12,2,2017-04-17 13:45:15+00:00
westonganger/rodf,2008-11-14 21:17:33+00:00,302,42,Ruby,16,1,5,9,2019-02-12 22:37:57+00:00
haml/haml,2008-02-11 22:55:26+00:00,8439,3443,Ruby,545,34,86,141,2019-08-06 12:40:43+00:00
duritong/puppet-common,2008-05-17 10:22:03+00:00,137,17,Ruby,44,0,2,11,2017-11-24 19:24:55+00:00
technoweenie/permalink_fu,2008-03-04 04:51:04+00:00,160,271,Ruby,82,3,4,6,2017-09-08 00:37:10+00:00
juliamae/soft_validations,2008-06-16 22:47:29+00:00,140,13,Ruby,5,2,1,1,2017-11-12 03:56:52+00:00
julik/rutils,2009-01-18 11:19:07+00:00,1417,25,Ruby,6,0,2,5,2017-04-17 16:02:07+00:00
tyler/binary_search,2008-12-28 12:32:22+00:00,187,42,Ruby,5,6,4,3,2017-04-17 10:29:44+00:00
austinmoody/ruby-fogbugz-api,2008-06-30 15:09:01+00:00,429,26,Ruby,13,1,3,1,2017-04-17 10:17:06+00:00
shadowmaru/microformats_helper,2008-06-12 21:47:38+00:00,192,48,Ruby,8,1,2,4,2017-11-24 19:28:26+00:00
grosser/single_test,2008-12-29 14:57:20+00:00,191,58,Ruby,10,3,3,5,2017-04-17 16:19:15+00:00
btakita/rr,2008-05-15 06:08:56+00:00,2843,530,Ruby,56,28,8,24,2017-04-17 15:41:27+00:00
kpumuk/rspec-cells,2008-10-10 15:55:02+00:00,121,12,Ruby,45,0,2,1,2017-10-30 04:59:20+00:00
git/gitscm-old,2008-07-22 03:39:05+00:00,4084,163,Ruby,66,2,19,13,2017-11-24 18:40:48+00:00
activescaffold/active_scaffold_sortable,2008-05-21 18:34:56+00:00,131,56,Ruby,23,4,3,7,2019-04-03 08:56:30+00:00
stffn/declarative_authorization,2008-08-14 14:05:37+00:00,1045,1254,Ruby,223,65,24,24,2016-11-24 13:49:24+00:00
DanielVartanov/encounter-engine,2009-01-02 08:20:54+00:00,18925,43,Ruby,29,6,4,9,2017-11-24 19:21:10+00:00
thoughtbot/pacecar,2008-10-07 18:56:13+00:00,436,445,Ruby,19,0,41,7,2016-05-27 17:24:06+00:00
jnunemaker/wufoo,2008-12-16 22:31:06+00:00,88,10,Ruby,9,0,2,1,2016-11-24 22:38:03+00:00
bumi/find_by_param,2008-03-25 12:26:27+00:00,147,32,Ruby,11,0,3,5,2017-04-17 12:41:52+00:00
pjhyett/auto_migrations,2008-03-16 00:44:24+00:00,118,148,Ruby,37,1,10,7,2017-04-17 13:37:56+00:00
marten/has_details,2008-06-23 17:47:53+00:00,292,28,Ruby,7,0,2,5,2016-06-18 07:20:54+00:00
schacon/gitbook,2008-11-27 15:43:26+00:00,2033,420,Ruby,207,38,17,8,2017-11-24 18:49:03+00:00
nesquena/cap-recipes,2008-04-26 13:01:03+00:00,600,373,Ruby,26,4,6,4,2017-04-17 11:11:37+00:00
rails/open_id_authentication,2008-05-29 20:38:42+00:00,221,286,Ruby,61,1,4,7,2016-11-24 15:47:48+00:00
heavysixer/paperclippolymorph,2008-06-28 23:17:37+00:00,601,88,Ruby,14,0,2,1,2017-11-24 18:59:09+00:00
evan/has_many_polymorphs,2008-06-10 22:03:42+00:00,542,202,Ruby,64,15,6,14,2017-07-12 20:36:47+00:00
erikh/ip,2008-11-02 10:09:29+00:00,211,9,Ruby,5,0,1,3,2017-04-17 13:27:23+00:00
rails/exception_notification,2008-05-29 20:32:17+00:00,292,870,Ruby,559,10,17,12,2017-04-17 12:22:13+00:00
akira/validationgroup,2009-01-03 15:50:41+00:00,134,28,Ruby,7,0,2,3,2016-05-27 17:39:19+00:00
jordanbrock/campaign-monitor-ruby,2008-06-23 03:27:18+00:00,311,41,Ruby,30,0,4,5,2017-11-24 20:13:28+00:00
kbingman/paperclipped,2008-05-30 14:21:25+00:00,1221,131,Ruby,70,33,2,19,2017-11-24 18:34:51+00:00
tj/commander,2008-10-16 16:43:42+00:00,1891,1119,Ruby,74,0,23,22,2017-04-17 11:51:27+00:00
basecamp/fast_remote_cache,2008-09-03 15:42:33+00:00,144,124,Ruby,7,3,12,1,2017-11-24 18:34:02+00:00
mamba/puppet-zenoss,2009-01-05 13:12:41+00:00,112,31,Ruby,7,1,3,1,2017-11-24 19:24:44+00:00
hadley/crantastic,2008-04-25 17:57:07+00:00,6563,37,Ruby,8,13,5,4,2016-05-27 15:08:11+00:00
solson/on_irc,2008-09-29 22:06:59+00:00,171,17,Ruby,5,0,2,2,2017-04-17 14:52:51+00:00
philnash/bitly,2009-01-20 23:40:41+00:00,247,398,Ruby,126,17,12,24,2018-08-19 11:33:32+00:00
mhartl/find_mass_assignment,2008-09-21 03:26:58+00:00,137,117,Ruby,12,2,2,2,2017-11-24 18:38:32+00:00
jnunemaker/happymapper,2008-11-17 00:10:27+00:00,200,308,Ruby,118,0,9,16,2019-05-20 21:14:03+00:00
mlightner/universal_ruby_whois,2008-10-14 19:48:18+00:00,147,44,Ruby,16,4,2,3,2016-05-27 17:20:18+00:00
tkersey/isbn,2009-01-14 00:04:38+00:00,99,29,Ruby,6,0,5,7,2017-04-17 12:16:31+00:00
justinfrench/formtastic,2008-04-07 11:18:11+00:00,3751,5039,Ruby,622,36,72,180,2017-04-21 15:32:24+00:00
thumblemonks/smurf,2008-10-30 20:31:00+00:00,256,193,Ruby,12,10,4,6,2017-04-17 11:54:56+00:00
joshsusser/validates_existence,2008-05-05 00:24:46+00:00,83,34,Ruby,8,2,2,1,2017-04-17 12:01:41+00:00
mattbauer/vertica,2009-01-10 19:24:49+00:00,311,17,Ruby,17,0,1,2,2017-04-17 14:04:16+00:00
kivanio/acts_as_payment,2008-08-07 14:58:21+00:00,942,32,Ruby,5,0,5,2,2017-04-17 13:49:34+00:00
toy/progress,2008-08-10 19:09:11+00:00,197,58,Ruby,6,0,4,3,2019-05-25 14:39:29+00:00
nathansobo/treetop,2008-02-29 18:29:24+00:00,4500,986,Ruby,109,0,29,21,2017-11-24 18:45:23+00:00
mloughran/api_cache,2008-05-29 10:39:48+00:00,300,341,Ruby,31,4,4,9,2016-11-24 13:48:00+00:00
Shopify/active_fulfillment,2008-05-13 15:04:36+00:00,642,135,Ruby,50,6,230,46,2019-12-20 16:23:35+00:00
mperham/politics,2008-09-13 01:09:46+00:00,126,48,Ruby,5,0,3,2,2017-04-17 14:25:08+00:00
mojombo/fixture-scenarios,2008-02-23 04:25:57+00:00,91,17,Ruby,11,1,1,1,2017-04-01 08:48:58+00:00
wycats/textmate,2008-05-06 04:59:30+00:00,198,161,Ruby,19,7,3,7,2017-11-24 18:38:32+00:00
collectiveidea/awesome_nested_set,2008-02-21 16:03:25+00:00,595,2165,Ruby,458,102,44,101,2019-08-21 21:27:07+00:00
pelle/oauth,2008-06-18 19:09:32+00:00,561,306,Ruby,88,13,9,31,2016-11-24 16:30:58+00:00
ctagg/flickr,2008-05-11 16:57:29+00:00,135,80,Ruby,33,0,5,2,2017-11-24 18:59:15+00:00
tra/spawnling,2008-04-13 04:21:58+00:00,157,377,Ruby,90,0,9,24,2016-11-24 15:49:22+00:00
yfactorial/utility_scopes,2008-08-19 17:46:24+00:00,113,103,Ruby,6,0,2,3,2016-11-24 15:50:01+00:00
jamesgolick/is_taggable,2008-12-09 16:19:48+00:00,212,225,Ruby,64,6,7,6,2017-07-12 20:36:54+00:00
eltiare/dm-is-awesome_set,2008-10-22 21:47:03+00:00,196,7,Ruby,8,1,2,5,2016-05-27 18:45:02+00:00
jmckible/version_fu,2008-04-28 02:12:51+00:00,1129,113,Ruby,20,2,2,6,2017-04-17 17:07:44+00:00
defunkt/acts_as_textiled,2008-03-12 06:20:18+00:00,333,115,Ruby,33,4,2,1,2017-11-24 18:34:18+00:00
itteco/service_merchant,2008-10-14 12:50:23+00:00,320,185,Ruby,14,1,7,1,2017-11-24 18:29:41+00:00
mattetti/googlecharts,2008-04-27 03:36:44+00:00,474,718,Ruby,117,34,15,26,2017-04-21 17:22:34+00:00
pat/thinking-sphinx,2008-04-14 01:28:12+00:00,5043,1583,Ruby,480,0,33,54,2019-08-23 02:12:29+00:00
igrigorik/em-http-request,2008-08-22 20:53:40+00:00,873,1147,Ruby,212,7,30,70,2016-11-24 15:42:39+00:00
janfri/mini_exiftool,2008-11-10 21:14:53+00:00,2163,183,Ruby,44,3,6,9,2020-01-01 14:44:08+00:00
ianwhite/truncate_html,2008-05-31 10:51:32+00:00,291,60,Ruby,13,2,2,2,2017-11-24 18:54:35+00:00
rubiety/nilify_blanks,2008-08-16 17:35:46+00:00,74,207,Ruby,28,6,4,11,2016-11-24 15:47:22+00:00
pluginaweek/has_addresses,2008-06-25 03:37:26+00:00,595,33,Ruby,5,0,1,1,2018-06-13 22:38:53+00:00
tpope/pickler,2008-11-19 03:11:46+00:00,122,304,Ruby,24,9,8,10,2017-04-17 12:12:10+00:00
bmabey/cucumber-tmbundle,2008-09-16 01:10:09+00:00,984,291,Ruby,102,1,3,20,2016-11-24 16:31:03+00:00
DAddYE/lipsiadmin,2008-04-11 14:50:52+00:00,4692,109,Ruby,10,0,2,3,2017-11-24 18:04:07+00:00
quirkey/qadmin,2009-01-07 18:43:42+00:00,361,30,Ruby,13,5,5,3,2017-04-17 15:16:08+00:00
mongodb/mongo-ruby-driver,2009-01-15 16:40:45+00:00,36841,1378,Ruby,496,6,54,155,2019-12-04 02:33:27+00:00
francois/piston,2008-03-12 17:40:27+00:00,2855,118,Ruby,23,7,3,9,2017-04-17 12:50:09+00:00
gabriel/capitate,2008-03-10 06:13:09+00:00,453,81,Ruby,7,4,6,1,2017-11-24 19:01:51+00:00
copiousfreetime/launchy,2008-06-22 03:36:06+00:00,440,633,Ruby,50,7,9,15,2017-04-21 15:35:47+00:00
ryan-allen/workflow,2008-05-15 05:21:24+00:00,282,230,Ruby,219,7,11,6,2017-11-24 18:45:26+00:00
bruce/keyword_search,2008-03-04 00:13:05+00:00,193,102,Ruby,19,0,5,5,2017-04-17 11:08:47+00:00
JackDanger/immutable_attributes,2008-03-04 19:28:40+00:00,386,24,Ruby,6,3,2,2,2017-04-17 13:22:10+00:00
r38y/ck_fu,2008-03-02 01:54:27+00:00,463,67,Ruby,5,2,4,0,2016-12-26 20:02:11+00:00
aiwilliams/spec_integration,2008-04-29 15:52:40+00:00,162,19,Ruby,6,0,3,5,2017-02-03 20:21:12+00:00
jm/context,2008-10-03 05:57:35+00:00,253,122,Ruby,12,4,2,6,2017-11-24 18:30:42+00:00
somic/rabbitbal,2008-12-18 14:37:06+00:00,94,52,Ruby,9,0,4,1,2017-11-24 19:01:10+00:00
cainlevy/recordselect,2008-05-19 21:03:27+00:00,186,45,Ruby,33,2,2,5,2017-11-24 19:56:44+00:00
evan/echoe,2008-06-13 16:44:41+00:00,495,81,Ruby,17,6,3,15,2016-05-27 19:15:03+00:00
TwP/logging,2008-05-30 04:03:30+00:00,878,446,Ruby,84,11,8,25,2017-04-11 23:17:51+00:00
dougbarth/amqp-utils,2008-12-12 21:08:51+00:00,773,78,Ruby,12,4,2,7,2017-04-17 10:07:57+00:00
radiant/radiant-page-attachments-extension,2008-06-20 16:57:51+00:00,283,42,Ruby,19,3,5,12,2017-04-17 15:23:41+00:00
drnic/rubigen,2008-03-04 22:45:35+00:00,509,78,Ruby,19,7,5,8,2017-04-17 15:59:24+00:00
Pistos/diakonos,2008-05-20 11:59:37+00:00,2589,123,Ruby,11,27,7,5,2016-11-24 13:48:31+00:00
avvo/delsolr,2008-09-04 00:07:02+00:00,103,40,Ruby,15,5,37,9,2017-04-17 11:59:52+00:00
jcoglan/heist,2009-01-12 18:54:56+00:00,1558,335,Ruby,25,3,16,1,2017-04-17 13:09:55+00:00
harvesthq/time-warp,2009-01-05 21:37:41+00:00,601,76,Ruby,17,5,32,10,2016-05-27 14:55:55+00:00
railsmachine/shadow_puppet,2009-01-22 22:01:57+00:00,726,88,Ruby,20,0,4,12,2017-04-17 11:55:24+00:00
kovyrin/bounces-handler,2008-07-13 18:34:13+00:00,116,60,Ruby,6,0,4,1,2017-11-24 19:03:33+00:00
jicksta/adhearsion,2008-06-07 02:31:48+00:00,3964,181,Ruby,24,1,2,26,2017-08-15 05:59:55+00:00
pelle/ezcrypto,2008-06-18 20:28:08+00:00,207,37,Ruby,10,2,2,1,2017-09-04 17:36:43+00:00
rubiety/message_block,2008-08-24 13:38:34+00:00,489,166,Ruby,10,3,4,2,2016-11-24 13:50:26+00:00
mislav/will_paginate,2008-02-25 20:21:40+00:00,975,5428,Ruby,879,106,75,58,2019-10-09 00:38:53+00:00
ryanb/render-caching,2008-06-19 20:33:24+00:00,120,50,Ruby,5,0,2,1,2016-05-27 17:41:17+00:00
benburkert/cruisecontrolrb,2008-02-11 07:34:12+00:00,10118,87,Ruby,10,0,4,3,2017-11-24 18:57:59+00:00
technoweenie/model_stubbing,2008-03-04 04:51:43+00:00,160,56,Ruby,7,0,2,4,2017-11-24 18:58:23+00:00
napcs/lazy_developer,2008-06-08 00:39:03+00:00,199,77,Ruby,15,3,5,5,2017-11-24 19:01:53+00:00
thibaudgg/video_info,2008-11-27 09:04:58+00:00,50519,303,Ruby,125,15,25,28,2017-04-17 17:09:02+00:00
pdavies011010/gedcom-ruby,2008-10-08 14:30:12+00:00,622,18,Ruby,8,0,3,1,2016-05-28 09:39:41+00:00
cldwalker/irbfiles,2009-01-19 15:02:19+00:00,1181,49,Ruby,5,0,3,1,2017-11-24 19:25:11+00:00
mattetti/i18n,2008-05-17 22:39:13+00:00,1361,40,Ruby,278,4,4,45,2017-11-24 19:43:00+00:00
nesquena/active_form,2008-04-17 05:07:04+00:00,87,25,Ruby,5,0,2,1,2017-11-24 19:38:57+00:00
GUI/after_commit,2008-05-31 21:24:46+00:00,132,43,Ruby,43,2,2,3,2017-04-17 14:54:19+00:00
mojombo/chronic,2008-01-29 06:48:49+00:00,681,2878,Ruby,406,132,81,52,2018-07-13 13:44:30+00:00
mleung/feather,2008-03-11 18:17:55+00:00,2853,134,Ruby,17,1,3,11,2017-02-04 01:21:04+00:00
maddox/imdb,2008-02-14 06:34:06+00:00,160,48,Ruby,8,0,1,2,2017-04-17 13:23:16+00:00
jamesgolick/enum_field,2008-01-22 01:54:15+00:00,131,58,Ruby,18,2,4,3,2017-03-07 18:26:05+00:00
carlosbrando/autotest-notification,2008-05-11 05:19:16+00:00,1941,192,Ruby,28,6,5,17,2017-04-17 10:18:16+00:00
aasm/aasm,2008-02-28 20:40:04+00:00,1881,3817,Ruby,518,113,59,175,2019-09-05 08:30:14+00:00
evan/ultrasphinx,2008-06-11 20:44:41+00:00,3746,178,Ruby,43,5,2,11,2016-11-24 16:08:57+00:00
chorn/dialable,2008-11-25 17:24:16+00:00,64,5,Ruby,5,1,2,3,2017-04-17 11:23:18+00:00
kennethkalmer/powerdns-on-rails,2008-07-25 11:05:26+00:00,11402,183,Ruby,57,36,14,13,2017-03-12 07:21:31+00:00
schleyfox/peach,2008-05-06 21:28:00+00:00,146,78,Ruby,12,6,5,2,2017-11-24 19:02:10+00:00
aquasync/ruby-ole,2008-09-22 16:00:28+00:00,297,67,Ruby,25,1,9,8,2019-03-12 09:54:41+00:00
walf443/rack-auth-ip,2008-05-24 05:07:02+00:00,213,8,Ruby,5,0,3,2,2016-05-27 18:04:07+00:00
dejan/auto_html,2008-12-26 00:30:13+00:00,677,733,Ruby,187,6,25,40,2016-11-24 15:39:58+00:00
weppos/www-delicious,2008-05-07 12:40:07+00:00,189,63,Ruby,14,0,2,2,2019-10-06 20:12:52+00:00
atduskgreg/rad,2008-04-07 10:18:30+00:00,2429,402,Ruby,66,6,20,6,2017-02-14 07:21:21+00:00
ELLIOTTCABLE/git-blog,2008-04-18 13:19:53+00:00,75,107,Ruby,15,0,5,3,2017-11-24 18:33:56+00:00
hallettj/zaml,2008-09-12 23:45:29+00:00,175,53,Ruby,6,2,5,3,2016-05-27 16:53:47+00:00
res0nat0r/ruby-aws,2008-10-06 19:36:13+00:00,122,34,Ruby,8,0,3,1,2017-11-24 19:28:04+00:00
linkingpaths/acts_as_scribe,2008-09-09 09:46:44+00:00,95,49,Ruby,7,1,5,2,2016-05-27 13:05:49+00:00
courtenay/can_flag,2008-03-17 01:35:21+00:00,236,49,Ruby,10,2,2,2,2017-04-17 11:10:57+00:00
relevance/cap_gun,2008-04-04 14:18:02+00:00,404,121,Ruby,29,2,35,7,2016-11-24 13:48:48+00:00
relevance/log_buddy,2008-04-04 13:26:39+00:00,401,144,Ruby,8,5,33,8,2016-11-24 15:46:22+00:00
binarylogic/authlogic,2008-10-24 21:13:34+00:00,2288,4138,Ruby,601,3,53,115,2019-10-25 13:13:00+00:00
defunkt/starling,2008-01-17 08:01:31+00:00,192,67,Ruby,5,0,1,8,2017-11-24 18:58:13+00:00
ryan-allen/lumberjack,2008-06-10 10:29:56+00:00,189,19,Ruby,9,0,3,7,2017-04-17 14:02:50+00:00
thedonvaughn/queue-tip,2008-10-02 01:55:00+00:00,375,39,Ruby,11,0,3,1,2016-08-15 17:02:47+00:00
mattmccray/comatose,2008-03-28 04:16:58+00:00,359,201,Ruby,56,1,2,7,2017-08-15 04:46:03+00:00
zapnap/isbn_validation,2008-11-03 19:06:19+00:00,203,27,Ruby,6,0,3,4,2017-04-21 17:08:25+00:00
copiousfreetime/stickler,2008-08-18 15:59:10+00:00,914,134,Ruby,27,17,7,8,2017-04-17 16:45:07+00:00
tiendung/acts_as_dictionary,2008-09-05 07:28:36+00:00,110,10,Ruby,5,0,2,1,2017-11-24 22:55:08+00:00
jamesu/railscollab,2008-05-20 10:07:19+00:00,4561,266,Ruby,74,0,5,14,2017-11-24 18:46:27+00:00
aiwilliams/dataset,2008-09-29 04:15:41+00:00,340,78,Ruby,19,3,4,7,2016-05-27 19:25:56+00:00
arydjmal/to_xls,2009-01-11 05:29:23+00:00,195,141,Ruby,74,2,2,1,2017-08-08 23:42:44+00:00
manveru/ver,2008-10-15 15:24:15+00:00,3993,62,Ruby,8,13,3,4,2016-05-27 15:32:09+00:00
bmabey/rosetta_queue,2009-01-29 01:31:17+00:00,801,48,Ruby,7,0,4,6,2016-05-27 17:10:35+00:00
Shopify/liquid,2008-05-08 15:27:26+00:00,4369,6967,Ruby,910,134,465,129,2019-03-08 20:46:53+00:00
zapnap/sinatra-template,2009-01-23 19:05:49+00:00,152,529,Ruby,193,0,9,5,2017-11-24 18:33:21+00:00
visfleet/acts_as_eav_model,2009-01-08 08:04:11+00:00,313,34,Ruby,8,4,7,5,2017-02-24 02:23:37+00:00
evan/interlock,2008-06-10 22:10:42+00:00,447,77,Ruby,14,2,2,6,2017-11-24 19:02:05+00:00
jnewland/resource_this,2008-03-01 14:39:58+00:00,270,48,Ruby,9,1,3,1,2017-11-24 19:59:22+00:00
latimes/craken,2008-07-09 18:45:57+00:00,741,86,Ruby,19,2,3,8,2017-04-17 12:01:45+00:00
rails-sqlserver/activerecord-sqlserver-adapter,2008-11-15 14:53:54+00:00,2773,862,Ruby,455,30,77,53,2019-02-12 21:51:45+00:00
norbauer/salty_slugs,2008-05-02 01:52:47+00:00,110,25,Ruby,8,0,3,3,2017-11-24 19:52:59+00:00
pelargir/test_spec_on_rails,2008-04-03 01:33:06+00:00,130,18,Ruby,8,0,2,2,2017-04-23 17:48:10+00:00
fnando/has_friends,2008-07-19 14:57:41+00:00,275,59,Ruby,28,2,7,1,2016-05-27 15:44:41+00:00
julien51/skates,2009-01-29 04:13:21+00:00,1412,95,Ruby,13,5,5,6,2017-04-17 16:18:50+00:00
pluginaweek/has_messages,2008-06-25 03:37:45+00:00,230,95,Ruby,20,2,2,2,2016-05-27 14:57:59+00:00
chef/ohai,2009-01-15 20:50:43+00:00,6685,626,Ruby,433,38,104,223,2019-09-05 15:13:34+00:00
dagi3d/acts_as_flying_saucer,2008-12-06 19:19:07+00:00,2095,57,Ruby,8,2,2,2,2017-11-24 19:03:06+00:00
jamesu/rucksack,2008-07-24 23:58:57+00:00,3236,169,Ruby,24,2,4,5,2017-11-24 18:38:27+00:00
tylerhunt/remit,2008-10-09 03:35:12+00:00,807,164,Ruby,52,4,8,20,2016-11-24 15:43:46+00:00
joshmh/globalize2,2008-08-01 18:45:21+00:00,2078,373,Ruby,66,35,5,7,2017-04-17 12:58:22+00:00
infused/blamer,2008-10-08 21:54:06+00:00,54,20,Ruby,9,0,2,2,2018-01-20 02:04:59+00:00
josh/rack-openid,2008-12-13 22:04:55+00:00,358,141,Ruby,51,0,5,9,2017-08-08 23:45:08+00:00
jkraemer/acts_as_ferret,2008-11-25 10:08:53+00:00,1514,188,Ruby,39,1,2,9,2017-04-17 10:02:09+00:00
thoughtbot/limerick_rake,2008-10-06 20:48:16+00:00,192,234,Ruby,19,0,43,13,2017-04-17 11:56:48+00:00
authorNari/brushup,2008-12-15 11:08:43+00:00,2343,16,Ruby,5,8,2,3,2017-11-24 20:01:47+00:00
azabaj/acts_as_rateable,2008-05-29 10:19:54+00:00,81,162,Ruby,37,1,3,2,2017-05-31 09:36:28+00:00
email-spec/email-spec,2008-12-09 21:09:32+00:00,719,1087,Ruby,171,33,17,74,2018-04-09 06:34:29+00:00
activescaffold/active_scaffold_demo,2008-05-22 06:27:08+00:00,4567,16,Ruby,9,0,3,15,2017-11-24 19:16:47+00:00
cjohansen/juicer,2008-12-17 21:45:16+00:00,15223,669,Ruby,48,22,17,17,2017-04-17 13:51:39+00:00
robertsosinski/ruby-des,2008-07-27 17:25:04+00:00,228,27,Ruby,10,1,3,0,2017-03-02 00:49:57+00:00
pluginaweek/preferences,2008-06-25 03:40:38+00:00,323,158,Ruby,89,9,3,3,2016-11-24 13:51:03+00:00
sickill/rainbow,2008-10-30 09:34:00+00:00,164,516,Ruby,47,3,13,28,2017-11-29 18:57:31+00:00
aussiegeek/active_record_defaults,2008-06-04 22:39:10+00:00,85,14,Ruby,8,0,1,0,2017-04-08 11:02:32+00:00
technicalpickles/shoulda_generator,2008-07-02 17:30:58+00:00,147,61,Ruby,17,1,2,4,2017-04-17 12:04:46+00:00
ryanb/nifty-generators,2008-05-06 18:19:19+00:00,807,2057,Ruby,307,65,33,12,2016-11-24 15:42:13+00:00
rails/rails,2008-04-11 02:19:47+00:00,192776,44743,Ruby,18101,1200,2576,2647,2019-08-16 18:02:19+00:00
raganwald-deprecated/rewrite_rails,2008-12-20 02:28:35+00:00,246,76,Ruby,6,7,2,0,2017-02-07 13:23:08+00:00
maccman/saasy,2008-12-18 14:47:14+00:00,8547,534,Ruby,60,2,8,1,2017-11-24 18:38:07+00:00
jwood/addressbook,2008-12-24 03:36:46+00:00,2011,20,Ruby,9,1,4,1,2017-11-24 20:06:16+00:00
dchelimsky/rspec,2008-02-29 23:32:44+00:00,18518,1799,Ruby,186,17,33,64,2017-11-24 18:26:52+00:00
radiant/radiant-mailer-extension,2008-06-20 18:31:39+00:00,396,57,Ruby,41,1,7,17,2017-04-17 15:23:01+00:00
erector/erector,2008-05-17 00:20:47+00:00,3924,215,Ruby,45,36,10,16,2017-04-17 12:22:20+00:00
seangeo/ratom,2008-03-02 13:26:19+00:00,615,98,Ruby,28,6,6,19,2017-04-17 15:30:03+00:00
dbrady/tourbus,2009-01-02 01:58:32+00:00,565,253,Ruby,26,9,8,8,2016-11-24 15:42:37+00:00
mtodd/halcyon,2008-02-11 06:29:57+00:00,1274,61,Ruby,8,0,4,2,2017-11-24 19:02:07+00:00
auser/poolparty,2008-06-28 04:58:23+00:00,144993,335,Ruby,55,29,4,24,2017-04-17 15:19:43+00:00
relevance/streamlined,2008-08-01 18:50:50+00:00,5525,214,Ruby,28,0,37,1,2017-11-24 18:33:45+00:00
benburkert/randexp,2008-07-03 05:37:51+00:00,1117,245,Ruby,36,7,8,10,2016-11-24 15:41:27+00:00
pezra/resourceful,2008-04-01 22:17:38+00:00,540,20,Ruby,10,0,3,4,2017-11-24 19:46:25+00:00
Squeegy/fleximage,2008-03-31 01:29:47+00:00,16483,245,Ruby,53,9,3,11,2016-11-24 13:48:57+00:00
wycats/benchwarmer,2008-05-03 21:22:10+00:00,93,33,Ruby,5,0,1,2,2017-11-24 19:23:50+00:00
ruport/ruport-util,2008-06-05 17:38:00+00:00,187,22,Ruby,13,0,3,0,2017-11-24 20:13:14+00:00
schoefmann/multi_db,2008-06-29 10:56:04+00:00,511,141,Ruby,60,13,5,8,2017-04-17 14:25:40+00:00
pillowfactory/csv-mapper,2008-12-04 16:14:10+00:00,193,128,Ruby,20,4,2,1,2017-04-21 17:04:34+00:00
pauldowman/ec2onrails,2008-07-23 15:05:42+00:00,886,277,Ruby,64,0,4,7,2016-11-24 13:48:46+00:00
dbussink/jsonrpc,2008-12-19 09:36:57+00:00,142,17,Ruby,6,1,2,1,2016-05-27 19:12:35+00:00
rich/acts_as_revisable,2008-08-13 00:50:31+00:00,388,135,Ruby,18,4,4,6,2017-04-17 10:02:01+00:00
metainspector/metainspector,2008-06-25 21:49:27+00:00,993,870,Ruby,140,15,20,31,2019-10-24 02:46:06+00:00
technomancy/conspire,2008-07-23 04:24:26+00:00,237,45,Ruby,5,0,4,1,2017-11-24 19:58:47+00:00
sishen/rtranslate,2008-12-16 02:52:14+00:00,172,41,Ruby,10,2,2,3,2016-05-27 15:59:55+00:00
mbleigh/colorist,2008-08-16 20:20:27+00:00,126,45,Ruby,14,1,3,3,2016-05-27 16:22:07+00:00
validates-email-format-of/validates_email_format_of,2008-12-31 18:55:05+00:00,676,360,Ruby,83,27,10,16,2017-04-21 17:18:36+00:00
sr/atom-tools,2008-05-17 23:22:03+00:00,277,10,Ruby,6,1,2,2,2017-04-26 16:04:42+00:00
pelle/oauth-plugin,2008-06-21 22:58:59+00:00,971,735,Ruby,196,70,16,35,2016-11-24 15:44:12+00:00
koke/iso_countries,2008-07-24 15:32:01+00:00,1030,10,Ruby,13,1,2,2,2017-04-17 13:29:37+00:00
cschneid/wink,2008-05-20 13:28:30+00:00,201,7,Ruby,8,0,2,3,2016-05-08 11:19:24+00:00
jlong/serve,2008-05-31 14:40:53+00:00,7413,859,Ruby,98,25,26,28,2016-05-27 13:36:18+00:00
rake-compiler/rake-compiler,2008-11-03 12:19:43+00:00,417,493,Ruby,95,26,31,32,2019-12-24 21:07:48+00:00
mokolabs/headliner,2008-07-03 00:05:57+00:00,97,43,Ruby,10,1,4,2,2017-11-24 19:55:19+00:00
pluginaweek/enumerate_by,2008-06-25 03:36:30+00:00,310,39,Ruby,9,2,1,3,2016-05-27 14:22:21+00:00
kematzy/sinatra-cache,2008-07-28 19:35:03+00:00,311,165,Ruby,21,5,4,2,2017-04-17 13:48:38+00:00
pka/acts_as_tsearch,2008-09-11 13:12:26+00:00,196,47,Ruby,19,0,2,1,2017-11-24 20:13:38+00:00
jmettraux/ruote,2008-04-10 02:07:50+00:00,13857,513,Ruby,81,7,37,16,2016-11-24 13:51:42+00:00
collectiveidea/yardvote.com,2008-09-21 20:32:21+00:00,689,7,Ruby,6,0,8,5,2017-03-02 13:08:10+00:00
jm/stump,2008-10-06 04:44:09+00:00,163,46,Ruby,17,1,3,2,2017-04-17 15:29:29+00:00
noelrappin/rails-iui,2008-04-16 19:36:10+00:00,86,142,Ruby,22,0,2,3,2017-11-24 18:34:24+00:00
AndyObtiva/glimmer,2008-12-04 19:24:35+00:00,1922,54,Ruby,5,2,2,2,2019-11-27 01:27:20+00:00
masover/blankslate,2009-01-03 23:28:32+00:00,142,34,Ruby,19,7,5,2,2017-04-21 15:22:34+00:00
h-lame/parental_control,2008-09-08 09:56:15+00:00,183,30,Ruby,7,2,2,1,2017-11-24 19:53:22+00:00
tog/tog_vault,2008-08-21 12:00:33+00:00,1483,13,Ruby,5,0,5,6,2017-11-24 22:08:56+00:00
cardmagic/starfish,2008-03-21 23:51:38+00:00,188,42,Ruby,8,1,4,0,2017-05-31 03:36:37+00:00
roodi/roodi,2008-08-22 12:51:40+00:00,290,268,Ruby,40,3,6,11,2017-04-17 15:51:18+00:00
mephistorb/mephisto,2008-03-01 01:48:20+00:00,5055,262,Ruby,113,0,9,15,2017-11-24 18:48:39+00:00
ascarter/workling,2008-04-09 22:52:48+00:00,91,10,Ruby,81,1,2,1,2017-11-24 22:29:03+00:00
cucumber/cucumber-ruby,2008-04-17 18:19:13+00:00,11914,5022,Ruby,1106,11,245,326,2019-10-31 10:32:42+00:00
adzap/validates_timeliness,2008-07-25 22:36:22+00:00,1321,1245,Ruby,147,17,20,20,2019-08-08 00:37:38+00:00
langalex/culerity,2009-01-25 20:51:36+00:00,1093,274,Ruby,37,15,4,18,2016-11-24 15:41:56+00:00
astashov/page_versioning,2008-10-27 11:16:21+00:00,119,26,Ruby,8,1,2,1,2017-11-24 19:57:28+00:00
defunkt/gibberish,2008-03-12 05:58:21+00:00,335,33,Ruby,8,2,1,1,2017-11-24 19:23:46+00:00
brez/minimal-cart,2008-09-09 05:57:51+00:00,112,40,Ruby,11,0,3,1,2017-11-24 20:12:26+00:00
taweili/renren,2008-06-05 09:50:47+00:00,1784,59,Ruby,12,1,5,3,2017-11-24 19:02:43+00:00
ruby-rdf/sparql-client,2008-06-23 11:14:23+00:00,632,104,Ruby,51,4,10,31,2019-12-16 22:28:12+00:00
maxime/dm-is-taggable,2008-10-12 18:50:45+00:00,475,1,Ruby,5,0,2,1,2017-04-01 21:46:41+00:00
cypher/thor-git,2008-05-18 21:25:55+00:00,122,38,Ruby,5,0,3,4,2016-05-08 08:51:22+00:00
cpjolicoeur/bb-ruby,2008-06-03 14:36:06+00:00,238,121,Ruby,54,0,4,14,2017-07-12 18:23:08+00:00
jasonroelofs/rbgccxml,2008-04-20 21:38:00+00:00,354,29,Ruby,7,1,3,5,2017-10-15 18:13:11+00:00
guitsaru/rbvimeo,2008-04-11 15:07:25+00:00,365,20,Ruby,5,0,1,2,2017-04-17 13:03:13+00:00
mojombo/grit,2007-10-29 14:37:16+00:00,7954,1882,Ruby,461,10,59,44,2017-04-17 11:29:45+00:00
jnicklas/uploadcolumn,2008-02-03 21:23:05+00:00,1254,33,Ruby,6,1,2,2,2016-05-27 17:31:11+00:00
botandrose/eboshi,2008-07-19 07:18:38+00:00,2472,14,Ruby,5,2,3,4,2016-05-08 10:53:42+00:00
dougal/acts_as_indexed,2008-08-10 15:14:58+00:00,780,218,Ruby,42,17,10,12,2016-11-24 15:05:17+00:00
pluginaweek/plugin_test_helper,2008-06-25 03:39:37+00:00,229,25,Ruby,7,0,1,2,2017-04-20 17:15:27+00:00
tobie/unittest_js,2008-12-11 12:16:58+00:00,195,35,Ruby,9,2,3,6,2017-11-24 19:46:19+00:00
lsegal/yard,2008-02-26 00:01:52+00:00,8270,1542,Ruby,336,68,42,117,2020-01-05 19:11:23+00:00
aasmith/feed-normalizer,2008-06-04 17:24:59+00:00,260,134,Ruby,22,3,7,7,2017-04-17 12:28:44+00:00
igorgladkoborodov/typography,2008-09-07 01:52:26+00:00,174,11,Ruby,6,0,2,2,2017-07-23 17:36:38+00:00
ph7/system-timer,2008-07-23 05:21:13+00:00,448,76,Ruby,13,11,3,4,2017-11-24 18:59:20+00:00
rnhurt/gradesheet,2008-11-19 21:36:38+00:00,10731,34,Ruby,11,10,3,2,2017-11-24 19:34:44+00:00
edwinmoss/rfpdf,2008-06-07 04:00:45+00:00,1684,33,Ruby,29,0,3,6,2017-11-24 19:25:32+00:00
edmundo/spree-search,2008-10-23 19:41:37+00:00,127,29,Ruby,8,0,2,1,2017-11-24 19:23:13+00:00
maxlapshin/mysql2postgres,2008-12-04 11:46:08+00:00,208,624,Ruby,166,20,22,21,2017-11-24 18:32:00+00:00
courts/ical2rem.rb,2008-12-03 19:13:07+00:00,250,22,Ruby,6,0,5,4,2016-08-19 15:52:01+00:00
krobertson/dm-paperclip,2008-04-22 00:47:07+00:00,488,104,Ruby,46,7,3,16,2017-04-17 12:18:06+00:00
jbripley/brazil,2008-12-09 22:05:05+00:00,4193,13,Ruby,5,0,3,2,2017-11-25 00:21:51+00:00
lukebayes/project-sprouts,2008-05-24 19:06:31+00:00,38436,208,Ruby,40,4,9,7,2017-04-17 16:40:27+00:00
timcharper/rubyamp,2008-03-28 18:37:03+00:00,543,120,Ruby,8,2,1,6,2017-11-24 18:36:32+00:00
twitter4r/twitter4r-core,2008-09-09 03:10:42+00:00,700,86,Ruby,8,8,2,4,2017-04-17 17:04:20+00:00
toretore/barby,2008-02-17 13:40:24+00:00,825,694,Ruby,139,5,15,24,2019-05-23 08:51:29+00:00
brendanlim/mobile-fu,2008-07-03 14:48:53+00:00,422,719,Ruby,213,34,14,8,2017-11-24 18:48:16+00:00
pluginaweek/encrypted_attributes,2008-06-25 03:37:09+00:00,191,19,Ruby,10,2,1,1,2016-05-27 13:15:58+00:00
smtlaissezfaire/validates_date_time,2008-10-14 20:45:48+00:00,160,11,Ruby,5,0,2,0,2016-05-08 14:54:38+00:00
jamesgolick/blank,2008-09-12 16:23:08+00:00,5928,62,Ruby,8,0,3,4,2017-11-24 19:00:06+00:00
jamesgolick/resource_controller,2008-01-19 22:55:05+00:00,776,513,Ruby,89,11,3,3,2017-11-24 18:33:53+00:00
judofyr/camping,2008-05-20 15:28:59+00:00,1181,27,Ruby,16,0,2,13,2017-11-24 19:28:11+00:00
netzke/netzke,2009-01-26 23:38:24+00:00,39,140,Ruby,12,0,15,3,2017-05-13 19:58:39+00:00
dgoodlad/slider,2008-11-06 14:43:39+00:00,84,17,Ruby,5,0,3,1,2017-07-09 09:38:20+00:00
ryana/sortable_table,2008-10-21 18:00:34+00:00,331,3,Ruby,5,0,3,3,2016-05-08 15:19:18+00:00
jpignata/bossman-gem,2008-08-11 15:55:25+00:00,200,67,Ruby,11,0,1,2,2017-04-17 10:23:05+00:00
trailblazer/cells,2008-08-06 10:31:06+00:00,1680,2912,Ruby,234,44,70,60,2017-05-05 12:19:02+00:00
thomasn/forgetmenot,2008-09-06 19:01:01+00:00,1895,14,Ruby,6,0,4,1,2017-11-25 00:19:05+00:00
mbleigh/uberkit,2008-07-07 16:51:03+00:00,105,104,Ruby,9,2,2,1,2017-04-17 17:03:15+00:00
rurounijones/radiant-google-maps-extension,2009-01-19 15:53:47+00:00,230,11,Ruby,5,0,2,4,2016-05-27 19:43:47+00:00
collectiveidea/merger,2008-08-17 22:08:19+00:00,93,32,Ruby,6,0,7,4,2017-04-17 14:08:43+00:00
dasch/ruby-bencode,2008-07-17 22:56:50+00:00,859,69,Ruby,16,0,5,11,2017-04-17 10:28:19+00:00
rgrove/cssmin,2008-03-20 04:30:58+00:00,141,39,Ruby,7,4,2,3,2017-04-17 11:53:05+00:00
jamesgolick/tweet,2008-07-30 02:29:30+00:00,91,22,Ruby,8,0,4,1,2016-05-08 11:19:21+00:00
nickludlam/ruby-mythtv,2008-06-03 19:56:07+00:00,150,13,Ruby,5,0,2,3,2017-03-01 10:22:08+00:00
vigetlabs/simplest_auth,2008-09-24 14:10:55+00:00,389,73,Ruby,9,4,15,5,2017-11-24 18:56:38+00:00
FotoVerite/awesome-usps,2008-08-12 03:07:18+00:00,335,32,Ruby,17,1,2,1,2016-05-08 11:49:16+00:00
shingara/oupsnow,2008-11-15 09:26:42+00:00,1404,36,Ruby,6,0,2,3,2017-10-11 10:36:48+00:00
rubyist/guppy,2009-01-22 22:25:10+00:00,109,33,Ruby,7,0,3,0,2017-01-03 15:28:34+00:00
maccman/acts_as_recommendable,2008-07-29 09:20:07+00:00,171,329,Ruby,11,0,5,4,2017-04-17 10:01:48+00:00
mikel/tmail,2008-11-21 11:34:09+00:00,1576,68,Ruby,30,8,4,4,2017-11-24 19:02:43+00:00
crispinheneise/radiant-comments,2008-05-05 19:06:35+00:00,810,44,Ruby,36,0,3,16,2017-11-24 20:02:41+00:00
Caged/gitnub,2008-03-02 06:22:30+00:00,3506,1048,Ruby,64,10,10,5,2017-11-24 18:33:25+00:00
tombagby/llvmruby,2008-08-21 04:45:38+00:00,905,119,Ruby,14,3,4,5,2016-11-24 17:14:55+00:00
jvoorhis/lucene_query,2008-05-01 18:06:34+00:00,92,15,Ruby,6,1,3,1,2017-11-24 22:53:16+00:00
cainlevy/freemium,2008-05-08 17:13:41+00:00,146,159,Ruby,31,0,5,1,2017-11-24 18:44:41+00:00
evanphx/irccat,2008-09-17 22:01:59+00:00,144,9,Ruby,8,0,3,1,2016-05-08 13:33:39+00:00
pluginaweek/table_helper,2008-06-25 03:41:24+00:00,449,74,Ruby,21,3,4,1,2016-05-27 19:24:08+00:00
gnufied/packet,2008-02-14 17:57:02+00:00,195,39,Ruby,9,0,2,2,2017-11-24 19:53:44+00:00
sinatra/sinatra,2009-01-14 01:27:30+00:00,6517,10810,Ruby,1956,92,406,392,2019-08-22 10:05:55+00:00
luizcarvalho/getna,2008-08-20 12:32:48+00:00,232,12,Ruby,5,0,4,0,2017-11-24 21:44:00+00:00
weplay/redhillonrails_core,2009-01-27 15:43:56+00:00,189,22,Ruby,18,1,6,3,2017-11-24 19:28:02+00:00
herrtreas/rspactor,2008-04-23 12:24:42+00:00,42645,71,Ruby,15,0,1,4,2017-02-22 23:49:42+00:00
c7/personnummer,2008-08-06 19:42:43+00:00,42,19,Ruby,12,1,5,5,2017-11-09 04:08:15+00:00
shanna/dm-sphinx-adapter,2008-10-11 03:16:21+00:00,445,35,Ruby,7,0,2,1,2017-04-17 10:23:32+00:00
cardmagic/shipping,2008-04-14 19:17:55+00:00,184,44,Ruby,19,3,3,1,2017-11-24 19:29:12+00:00
monde/mms2r,2008-07-30 07:01:32+00:00,3220,68,Ruby,14,1,2,6,2017-04-17 14:17:35+00:00
jackdempsey/sequel_polymorphic,2008-12-04 05:34:43+00:00,63,31,Ruby,12,5,5,7,2018-10-25 06:48:08+00:00
segfault/ruby-hl7,2008-03-15 05:47:48+00:00,247,91,Ruby,98,1,10,3,2017-04-17 16:06:48+00:00
feed2imap/feed2imap,2008-06-16 10:02:17+00:00,696,41,Ruby,16,13,13,6,2017-11-24 19:53:14+00:00
dustin/beanstalk-tools,2008-09-14 22:46:13+00:00,23,156,Ruby,25,3,4,4,2017-04-03 16:49:39+00:00
flavorjones/git-rake,2008-05-06 06:04:18+00:00,99,31,Ruby,5,0,2,1,2019-05-20 21:13:13+00:00
jlong/radius,2008-11-13 00:06:11+00:00,295,94,Ruby,24,4,8,11,2019-04-05 20:04:12+00:00
thoughtbot/factory_bot,2008-06-03 13:55:37+00:00,2299,6686,Ruby,1973,32,144,204,2019-10-02 23:36:40+00:00
lukeredpath/simpleconfig,2008-07-03 19:23:44+00:00,86,126,Ruby,20,2,4,8,2019-10-06 20:12:42+00:00
defunkt/cache_fu,2008-01-23 00:28:10+00:00,105,265,Ruby,70,6,4,4,2016-11-24 15:48:29+00:00
techcrunch/json_printer,2008-07-11 18:05:21+00:00,90,32,Ruby,5,0,3,2,2016-05-28 07:44:11+00:00
JackDanger/alphadecimal,2008-03-11 20:18:22+00:00,250,61,Ruby,6,1,2,2,2017-04-17 10:04:51+00:00
danielharan/semantic-menu,2008-10-24 03:33:52+00:00,147,125,Ruby,32,3,2,2,2017-10-13 08:36:43+00:00
kballard/six,2008-03-15 19:12:30+00:00,216,18,Ruby,10,0,4,8,2017-11-24 19:40:21+00:00
vigetlabs/acts_as_markup,2008-08-06 21:43:02+00:00,485,125,Ruby,19,0,15,7,2016-11-24 13:48:03+00:00
feed2imap/ruby-feedparser,2008-06-16 09:47:00+00:00,2253,17,Ruby,10,1,3,5,2017-11-24 19:53:11+00:00
zachinglis/crummy,2008-06-25 15:01:28+00:00,288,374,Ruby,72,8,6,29,2018-07-16 20:50:29+00:00
mojombo/god,2008-01-13 05:16:23+00:00,2639,2095,Ruby,486,118,104,61,2016-05-27 17:28:59+00:00
evan/ccsv,2008-06-13 16:43:14+00:00,2811,60,Ruby,11,4,4,7,2016-05-27 14:57:08+00:00
ntalbott/query_trace,2008-03-08 02:19:06+00:00,79,171,Ruby,32,3,4,2,2016-11-24 15:43:37+00:00
gumayunov/custom-err-msg,2008-09-10 07:33:40+00:00,84,72,Ruby,13,0,1,5,2017-11-24 18:53:55+00:00
darashi/jpmobile,2008-06-29 07:18:40+00:00,1325,162,Ruby,27,14,7,10,2019-03-18 16:14:08+00:00
defunkt/fixture_scenarios_builder,2008-03-12 06:24:02+00:00,96,14,Ruby,5,0,2,4,2017-04-21 18:46:23+00:00
bscofield/sandstone,2008-04-04 14:19:26+00:00,125,5,Ruby,10,0,2,0,2016-05-08 19:57:19+00:00
look/xss_terminate,2008-07-26 02:35:40+00:00,284,112,Ruby,32,1,3,4,2017-11-24 18:33:25+00:00
collectiveidea/tinder,2008-02-09 18:18:23+00:00,238,255,Ruby,91,2,19,45,2017-04-21 17:13:08+00:00
dhh/asset-hosting-with-minimum-ssl,2008-11-27 16:21:03+00:00,81,77,Ruby,14,0,5,1,2017-11-24 18:57:58+00:00
relevance/castronaut,2008-09-03 14:59:10+00:00,2673,105,Ruby,17,7,34,5,2017-04-17 12:24:11+00:00
ruby-oembed/ruby-oembed,2008-05-09 13:50:39+00:00,2244,245,Ruby,62,15,11,29,2017-03-26 22:30:11+00:00
thoughtbot/shoulda,2008-04-14 13:27:26+00:00,1300,2081,Ruby,205,4,66,58,2019-12-18 05:51:02+00:00
sjlombardo/acts_as_network,2008-05-23 04:27:32+00:00,92,107,Ruby,17,1,3,2,2017-11-24 18:35:21+00:00
codyfauser/ebay,2009-01-27 02:27:06+00:00,1452,124,Ruby,92,13,7,2,2017-11-19 02:22:17+00:00
hiroshi/script-refactor,2009-01-27 03:04:40+00:00,99,35,Ruby,8,1,4,2,2017-11-24 20:11:29+00:00
ept/invoicing,2009-01-12 19:20:52+00:00,739,208,Ruby,55,3,8,5,2017-04-17 13:27:41+00:00
tenderlove/betabrite,2008-06-02 04:44:38+00:00,60,13,Ruby,6,1,2,2,2017-11-24 22:59:17+00:00
activewarehouse/rails_sql_views,2008-05-16 17:59:02+00:00,257,143,Ruby,132,12,4,8,2017-11-24 18:33:32+00:00
wvanbergen/scoped_search,2008-07-26 13:46:16+00:00,782,221,Ruby,64,9,9,32,2019-05-07 15:08:12+00:00
pboling/sanitize_email,2008-11-05 22:51:48+00:00,402,152,Ruby,32,3,10,23,2018-09-08 17:53:00+00:00
nathansobo/hyperarchy,2008-03-23 01:45:20+00:00,32628,21,Ruby,5,5,8,4,2017-09-03 04:37:19+00:00
jamesgolick/zebra,2009-01-16 16:16:39+00:00,97,57,Ruby,8,0,2,2,2017-11-24 18:57:37+00:00
rpheath/navigation_helper,2008-04-13 15:44:22+00:00,164,105,Ruby,19,1,3,2,2017-11-24 18:36:36+00:00
tjackiw/acts_as_solr,2008-05-03 22:33:43+00:00,8512,104,Ruby,68,1,4,0,2017-11-24 18:37:43+00:00
joshbuddy/jsonpath,2008-12-13 18:44:34+00:00,202,322,Ruby,47,2,9,22,2019-05-26 20:49:20+00:00
zencoder/rvideo,2008-09-09 21:56:11+00:00,221,122,Ruby,58,6,52,2,2017-11-24 18:32:41+00:00
rubiety/has_draft,2008-07-29 15:46:11+00:00,48,63,Ruby,16,2,4,5,2018-12-11 20:50:49+00:00
Shopify/active_shipping,2008-04-21 18:13:39+00:00,2825,787,Ruby,445,55,188,125,2017-07-21 21:15:35+00:00
Squeegy/rails-settings,2008-04-12 20:57:04+00:00,302,222,Ruby,18,7,5,2,2016-11-24 13:50:57+00:00
fixlr/nikeplus-ruby,2008-07-14 03:08:49+00:00,266,19,Ruby,7,0,2,2,2017-11-24 20:01:50+00:00
jnunemaker/user_stamp,2008-10-17 15:14:35+00:00,337,83,Ruby,14,1,1,3,2017-01-12 10:21:45+00:00
ruport/ruport,2008-06-05 02:55:08+00:00,2368,393,Ruby,97,16,22,18,2017-05-02 16:06:11+00:00
mmower/simply_versioned,2008-01-28 20:19:14+00:00,661,42,Ruby,5,0,3,1,2016-05-08 05:59:30+00:00
mamuso/acts_as_unvlogable,2008-12-30 23:11:41+00:00,237,149,Ruby,32,1,4,15,2017-04-17 10:04:01+00:00
defunkt/sake,2008-03-12 06:11:44+00:00,229,79,Ruby,10,2,1,5,2017-11-24 19:01:55+00:00
mislav/hanna,2008-05-02 05:46:56+00:00,850,234,Ruby,33,20,3,5,2017-04-17 11:57:05+00:00
thuss/standalone-migrations,2008-12-23 00:02:12+00:00,305,822,Ruby,123,3,10,44,2018-03-26 19:01:55+00:00
redinger/validation_reflection,2008-04-30 17:27:09+00:00,143,313,Ruby,18,6,3,5,2016-11-24 15:48:36+00:00
pusewicz/rails_sequel,2009-01-09 17:04:36+00:00,172,14,Ruby,6,0,2,2,2017-04-17 13:49:47+00:00
jruby/activerecord-jdbc-adapter,2008-03-25 15:46:40+00:00,206663,455,Ruby,373,64,48,155,2019-12-19 16:56:29+00:00
starling/starling,2008-06-24 07:58:47+00:00,390,468,Ruby,67,8,28,14,2016-11-24 15:38:36+00:00
lang/unicode_utils,2008-10-25 22:58:31+00:00,2457,112,Ruby,13,13,5,2,2017-04-21 17:15:33+00:00
technoweenie/restful-authentication,2008-01-14 14:44:23+00:00,1208,1624,Ruby,282,27,16,26,2016-11-24 15:42:24+00:00
jmettraux/rufus-tokyo,2009-01-22 16:02:19+00:00,583,153,Ruby,16,3,2,11,2016-11-24 15:48:51+00:00
jamesgolick/attribute_fu,2008-04-03 00:14:53+00:00,185,101,Ruby,21,4,3,4,2017-03-23 11:38:59+00:00
somebee/rbench,2008-06-15 21:08:48+00:00,154,38,Ruby,7,1,1,2,2017-11-24 19:41:01+00:00
rsl/acts_as_snook,2008-04-05 19:38:46+00:00,132,105,Ruby,8,0,2,0,2017-11-24 18:35:55+00:00
jmhodges/rchardet,2008-05-03 00:21:52+00:00,1982,157,Ruby,53,4,9,12,2018-06-01 19:45:50+00:00
cesare/net-domain-tld,2009-01-27 15:42:14+00:00,104,2,Ruby,21,0,2,1,2017-05-23 19:36:36+00:00
lisa/reve,2008-08-28 15:45:21+00:00,538,42,Ruby,24,3,7,8,2016-05-27 13:19:34+00:00
ajh/acts_as_soft_deletable,2008-05-15 21:04:58+00:00,328,71,Ruby,11,0,2,2,2017-11-24 19:01:17+00:00
eki/vying,2008-04-03 23:54:20+00:00,5142,27,Ruby,6,0,3,2,2017-11-24 19:41:04+00:00
derencius/navigation_tags,2008-03-25 17:08:13+00:00,113,22,Ruby,23,0,1,1,2017-02-07 04:21:20+00:00
attr-encrypted/attr_encrypted,2009-01-08 08:08:20+00:00,350,1659,Ruby,251,62,47,20,2018-02-12 03:58:03+00:00
bryanl/simple-daemon,2008-06-17 20:09:26+00:00,173,25,Ruby,8,0,3,1,2017-11-24 19:26:41+00:00
tog/tog_conclave,2008-09-26 11:53:24+00:00,250,14,Ruby,5,0,5,6,2017-11-25 01:28:16+00:00
godfat/dm-is-reflective,2008-07-27 15:13:49+00:00,297,24,Ruby,8,0,2,4,2017-11-29 13:54:18+00:00
isabanin/viddler,2008-05-19 05:33:33+00:00,132,22,Ruby,9,2,1,4,2016-05-08 08:51:25+00:00
roidrage/run_later,2008-09-27 17:54:48+00:00,316,40,Ruby,12,1,2,1,2017-11-24 19:23:44+00:00
nakajima/acts_as_fu,2008-10-24 00:04:39+00:00,184,58,Ruby,15,5,3,4,2019-05-20 21:14:00+00:00
chrisbratlien/rb-music-theory,2008-10-31 16:03:24+00:00,447,36,Ruby,6,1,5,2,2017-11-24 19:40:29+00:00
adamwiggins/pony,2008-10-25 20:58:28+00:00,109,235,Ruby,92,3,4,6,2017-04-17 15:02:22+00:00
zhhz/red,2008-10-21 01:24:53+00:00,222,3,Ruby,13,0,2,1,2016-05-08 15:15:50+00:00
ryanb/railscasts,2008-05-09 04:39:42+00:00,1900,763,Ruby,182,24,25,6,2017-11-24 18:27:29+00:00
cs/active_form,2008-09-08 21:08:20+00:00,120,68,Ruby,18,2,2,1,2017-04-17 11:50:18+00:00
aussiegeek/theme_support,2008-08-26 01:30:49+00:00,86,30,Ruby,27,0,1,3,2017-04-04 14:37:45+00:00
sporkmonger/uuidtools,2008-09-29 04:37:11+00:00,467,382,Ruby,61,14,5,9,2017-04-21 17:16:46+00:00
wesabe/wesabot,2008-12-11 23:52:31+00:00,221,11,Ruby,10,0,1,2,2017-11-24 21:34:53+00:00
ianwhite/pickle,2008-10-14 03:06:22+00:00,1414,518,Ruby,107,2,15,34,2017-05-09 19:03:34+00:00
sunaku/wmiirc,2009-01-11 06:58:26+00:00,1302,78,Ruby,26,3,3,14,2017-11-24 19:02:10+00:00
Pistos/better-benchmark,2008-05-20 13:01:19+00:00,140,36,Ruby,6,0,3,1,2017-04-23 13:50:08+00:00
brennandunn/preference_fu,2008-03-24 18:28:50+00:00,145,47,Ruby,7,3,2,2,2017-11-24 20:04:47+00:00
mattjamieson/parkplace,2008-08-13 08:29:21+00:00,245,86,Ruby,50,2,3,4,2017-11-24 19:01:57+00:00
f3z0/rails-ad-server,2008-07-02 17:09:18+00:00,94,78,Ruby,20,1,6,1,2017-11-24 19:06:08+00:00
netphase/aaap,2008-04-24 17:52:50+00:00,144,34,Ruby,5,1,4,5,2016-05-27 13:30:27+00:00
skillnet/validates_email_with_smtp,2009-01-19 13:54:21+00:00,388,21,Ruby,5,1,2,0,2016-05-22 22:21:04+00:00
yannlugrin/globalize,2008-05-07 20:36:30+00:00,6165,35,Ruby,14,0,2,4,2017-11-24 19:59:41+00:00
binarylogic/settingslogic,2008-10-31 03:30:03+00:00,529,1347,Ruby,122,45,28,18,2016-11-24 15:41:24+00:00
Narnach/github-clone,2008-07-10 15:56:33+00:00,6,17,Ruby,7,1,2,1,2017-11-24 19:42:37+00:00
frabcus/acts_as_xapian,2008-05-13 09:53:49+00:00,309,131,Ruby,30,5,1,6,2017-05-24 11:36:38+00:00
defunkt/gist,2008-10-10 23:35:47+00:00,1346,2878,Ruby,281,35,47,74,2018-02-27 16:56:08+00:00
dcparker/quickbooks,2008-07-25 16:16:29+00:00,8519,41,Ruby,14,1,2,1,2017-11-24 19:27:41+00:00
josephwilk/rspec-rr,2008-07-13 12:47:12+00:00,201,28,Ruby,9,1,2,3,2017-04-17 15:54:09+00:00
adamhjk/ec2_mysql,2008-09-26 01:03:06+00:00,101,18,Ruby,8,0,1,1,2017-11-24 20:11:45+00:00
rpheath/pretty_flash,2008-12-30 17:12:56+00:00,245,30,Ruby,7,1,1,1,2017-11-23 05:10:47+00:00
hcatlin/make_resourceful,2008-08-22 03:00:04+00:00,607,248,Ruby,47,7,10,16,2017-04-17 14:02:17+00:00
cjbottaro/app_config,2008-05-19 17:20:47+00:00,119,107,Ruby,27,4,2,2,2016-11-24 15:42:29+00:00
ymendel/flac2mp3,2008-04-05 20:59:46+00:00,210,18,Ruby,5,1,3,1,2017-11-24 19:23:59+00:00
entp/tender_multipass,2008-12-09 10:37:32+00:00,113,34,Ruby,8,1,3,6,2017-11-24 19:23:59+00:00
dcadenas/depgraph,2008-11-07 03:28:58+00:00,69,6,Ruby,8,1,1,2,2016-05-27 13:11:13+00:00
ninjudd/record_cache,2008-05-31 18:09:07+00:00,358,39,Ruby,6,6,8,5,2017-04-17 14:45:23+00:00
pandastream/panda_gem,2008-10-27 16:21:41+00:00,543,92,Ruby,26,2,28,14,2018-01-22 12:27:05+00:00
jtzemp/base62,2008-10-04 21:50:57+00:00,460,46,Ruby,12,4,4,3,2016-05-27 19:32:33+00:00
adambair/fu-fu,2008-06-01 08:13:35+00:00,1018,59,Ruby,12,2,2,3,2016-05-27 13:57:40+00:00
mlandauer/earth,2008-03-04 22:31:23+00:00,4362,14,Ruby,12,0,3,0,2017-11-24 22:28:49+00:00
openminds/deep_cloning,2008-03-27 18:55:26+00:00,93,59,Ruby,19,1,4,2,2017-11-24 19:06:46+00:00
dchelimsky/rspec-rails,2008-04-03 22:13:52+00:00,17022,780,Ruby,78,1,7,39,2017-04-17 13:38:29+00:00
drnic/ruby-on-rails-tmbundle,2008-01-30 23:20:38+00:00,2337,917,Ruby,153,32,12,22,2017-11-24 18:32:01+00:00
jamesarosen/avatar,2008-03-22 19:43:58+00:00,338,34,Ruby,5,0,3,2,2017-11-24 19:26:00+00:00
foca/sinatra-mailer,2008-07-26 04:06:47+00:00,85,60,Ruby,5,0,2,0,2016-12-21 09:04:30+00:00
lmanolov/railstat,2008-09-08 06:39:49+00:00,123,43,Ruby,7,0,3,0,2017-11-24 20:13:54+00:00
bousquet/tableau,2008-02-28 05:54:12+00:00,347,21,Ruby,6,1,2,1,2017-11-24 20:12:29+00:00
defunkt/nginx_config_generator,2008-03-12 06:17:10+00:00,97,122,Ruby,22,2,5,3,2017-11-24 18:34:35+00:00
haitham/webistrano_privileges,2008-09-03 08:59:39+00:00,91,18,Ruby,8,0,2,0,2017-11-24 20:02:03+00:00
stuart/google-authsub,2008-03-17 00:25:06+00:00,316,32,Ruby,6,0,2,2,2017-11-24 19:27:16+00:00
jicksta/methodphitamine,2008-03-18 19:58:04+00:00,162,22,Ruby,7,4,1,1,2017-11-24 19:59:58+00:00
karmi/localized_country_select,2008-10-22 15:35:18+00:00,320,189,Ruby,96,0,6,4,2017-08-15 05:48:18+00:00
sbraford/rbet,2008-10-20 17:19:41+00:00,87,19,Ruby,9,0,2,0,2018-07-02 08:41:21+00:00
ph7/selenium-client,2008-09-05 07:49:50+00:00,23401,156,Ruby,47,15,2,5,2017-05-31 09:37:21+00:00
technicalpickles/jeweler,2008-10-12 03:23:00+00:00,1457,1482,Ruby,172,19,23,73,2017-06-24 05:41:33+00:00
brynary/testjour,2008-09-23 17:03:34+00:00,296,199,Ruby,16,3,5,4,2017-04-17 11:06:10+00:00
SwankInnovations/radiant-sns-extension,2008-10-18 22:51:01+00:00,495,37,Ruby,18,6,4,7,2017-11-24 19:39:43+00:00
staticmatic/staticmatic,2009-01-01 22:48:38+00:00,751,269,Ruby,45,15,6,1,2017-04-17 16:39:09+00:00
wycats/merb,2008-10-13 02:39:08+00:00,14003,342,Ruby,121,4,5,122,2016-11-24 16:30:38+00:00
dryruby/crm114.rb,2008-06-23 10:46:17+00:00,97,30,Ruby,6,1,2,2,2017-04-17 11:49:45+00:00
technoweenie/masochism,2008-03-04 04:28:16+00:00,104,252,Ruby,38,0,6,6,2017-11-24 18:37:39+00:00
turn-project/turn,2008-09-15 13:59:11+00:00,1617,427,Ruby,74,22,7,31,2017-04-17 17:05:04+00:00
dbgrandi/ruby-aws,2008-05-04 22:26:43+00:00,160,14,Ruby,6,1,2,1,2017-05-06 09:58:27+00:00
plexus/ting,2008-11-19 10:00:35+00:00,198,39,Ruby,5,3,8,5,2018-10-18 23:35:18+00:00
stympy/openid-rails-kit,2008-05-27 23:01:02+00:00,773,52,Ruby,28,0,2,1,2017-11-24 19:04:48+00:00
zdennis/caching_presenter,2008-10-03 21:26:19+00:00,1197,17,Ruby,6,1,2,3,2017-11-24 20:00:12+00:00
penso/actionmailer_x509,2008-05-11 12:03:57+00:00,88,8,Ruby,7,2,2,0,2016-05-27 13:43:16+00:00
zapnap/toopaste,2008-06-30 22:54:48+00:00,102,62,Ruby,13,0,1,2,2017-11-24 22:07:31+00:00
kovyrin/loops,2008-12-31 04:04:20+00:00,804,94,Ruby,29,9,7,9,2016-05-27 13:45:28+00:00
Empact/roxml,2008-08-26 23:34:54+00:00,1146,179,Ruby,162,15,3,14,2017-09-17 05:37:04+00:00
ezmobius/nanite,2008-03-31 08:32:08+00:00,29179,763,Ruby,65,15,7,26,2017-04-17 11:06:46+00:00
nex3/librmpd,2008-11-29 22:56:08+00:00,263,16,Ruby,7,0,2,1,2017-06-17 08:36:41+00:00
topfunky/sparklines,2008-03-11 22:34:07+00:00,285,158,Ruby,21,10,3,5,2017-11-24 18:38:32+00:00
norbert/has_uuid,2008-03-19 14:35:02+00:00,135,16,Ruby,5,0,1,3,2017-11-24 19:38:57+00:00
dennisreimann/masquerade,2008-03-31 18:37:51+00:00,6206,227,Ruby,41,1,2,10,2017-11-24 18:33:58+00:00
plessl/wkpdf,2008-12-19 22:20:21+00:00,3941,192,Ruby,26,4,12,8,2017-11-24 18:40:26+00:00
ezmobius/acl_system2,2008-03-25 19:00:13+00:00,113,61,Ruby,14,1,1,1,2016-05-27 18:08:10+00:00
kanwei/algorithms,2008-07-10 09:55:11+00:00,999,2299,Ruby,329,19,121,9,2017-04-21 17:10:47+00:00
quirkey/sinatra-gen,2008-12-13 16:11:45+00:00,189,153,Ruby,11,3,3,4,2016-11-24 15:48:28+00:00
Roman2K/rails-test-serving,2008-10-05 20:47:58+00:00,203,51,Ruby,6,4,2,3,2016-05-27 14:24:20+00:00
evanfarrar/opensprints,2008-05-23 22:17:35+00:00,32196,36,Ruby,15,37,25,5,2017-04-22 00:52:18+00:00
ianwhite/inherit_views,2008-04-24 09:20:22+00:00,525,29,Ruby,5,0,1,2,2017-11-24 20:11:27+00:00
pauldix/sax-machine,2008-12-30 03:11:38+00:00,1019,223,Ruby,69,4,8,28,2017-04-17 10:15:15+00:00
be9/acl9,2009-01-03 12:14:52+00:00,258,827,Ruby,111,5,22,20,2016-11-24 13:48:51+00:00
sqs/rhino,2008-07-24 12:34:58+00:00,308,59,Ruby,8,1,3,3,2019-01-08 22:38:06+00:00
thebyte9/simple_captcha,2008-09-25 11:39:35+00:00,80,46,Ruby,25,2,3,0,2017-11-24 19:26:51+00:00
adamhjk/iclassify,2008-04-02 19:08:07+00:00,11421,51,Ruby,11,0,2,5,2017-11-24 19:06:29+00:00
rakuto/jrails_in_place_editing,2008-04-26 04:12:08+00:00,78,76,Ruby,17,2,2,1,2017-05-09 11:53:34+00:00
tog/tog_social,2008-08-21 11:03:12+00:00,868,43,Ruby,12,0,5,8,2017-11-24 19:42:40+00:00
jongilbraith/simple-private-messages,2008-05-17 20:15:41+00:00,319,210,Ruby,50,7,8,7,2017-07-12 20:36:42+00:00
openskip/skip,2008-12-18 06:32:08+00:00,25944,75,Ruby,22,4,5,13,2017-11-24 19:02:18+00:00
fnando/has_calendar,2008-09-16 14:39:47+00:00,184,103,Ruby,22,1,2,6,2017-10-21 13:39:59+00:00
sparklemotion/mechanize,2008-04-18 16:55:10+00:00,2279,3810,Ruby,441,67,90,99,2018-06-02 06:03:18+00:00
kusakari/actionmailer_ja,2008-09-15 06:26:13+00:00,250,40,Ruby,6,0,3,1,2017-11-24 19:41:48+00:00
mattetti/acts_as_taggable_on_steroids,2008-03-07 18:13:34+00:00,186,157,Ruby,21,0,2,2,2017-11-24 18:40:32+00:00
relevance/tarantula,2008-05-09 18:34:56+00:00,1406,451,Ruby,33,12,36,15,2016-11-24 15:49:13+00:00
insoshi/insoshi,2008-04-02 19:19:05+00:00,26091,1584,Ruby,581,2,73,6,2017-11-24 18:33:31+00:00
pluginaweek/encrypted_strings,2008-06-25 03:37:18+00:00,261,40,Ruby,20,5,5,1,2016-05-27 18:17:30+00:00
lukeredpath/clickatell,2008-02-27 14:50:26+00:00,286,149,Ruby,63,9,9,9,2017-04-17 11:24:06+00:00
pilu/radiant-copy-move,2008-04-05 12:50:32+00:00,120,42,Ruby,26,7,4,5,2017-11-24 19:58:45+00:00
minimagick/minimagick,2008-03-06 01:35:38+00:00,3476,2522,Ruby,320,10,52,94,2020-01-06 16:10:03+00:00
wvanbergen/request-log-analyzer,2008-07-25 05:40:33+00:00,1508,2171,Ruby,182,21,74,32,2016-05-27 19:09:09+00:00
jarib/celerity,2008-05-06 11:53:49+00:00,64917,221,Ruby,48,16,6,13,2017-04-17 11:19:31+00:00
Empact/validates_email_veracity_of,2008-04-19 09:52:47+00:00,1733,54,Ruby,6,0,3,1,2017-11-24 19:00:25+00:00
benschwarz/open-uri-memcached,2008-03-12 13:45:09+00:00,157,25,Ruby,5,2,3,3,2017-04-17 10:26:46+00:00
activewarehouse/activewarehouse,2008-05-16 18:10:50+00:00,1414,200,Ruby,41,2,12,9,2017-11-24 18:33:46+00:00
jeremyevans/simple_ldap_authenticator,2008-04-07 21:42:11+00:00,103,27,Ruby,5,0,3,1,2017-09-11 18:36:36+00:00
norman/haml-scaffold,2008-11-07 16:32:54+00:00,328,118,Ruby,22,0,2,1,2017-04-17 14:46:19+00:00
hassox/dm-polymorphic,2008-06-13 04:47:35+00:00,575,29,Ruby,10,1,2,5,2017-04-17 12:02:40+00:00
akm/schema_comments,2008-12-23 04:50:30+00:00,400,46,Ruby,5,1,5,2,2019-07-03 14:14:13+00:00
halorgium/dm-salesforce,2008-12-11 08:06:52+00:00,536,44,Ruby,25,0,4,6,2017-11-24 19:34:26+00:00
swdyh/quilt,2008-05-10 10:34:48+00:00,204,56,Ruby,9,1,3,1,2016-05-27 13:53:04+00:00
technoweenie/can_search,2008-04-05 08:13:03+00:00,99,97,Ruby,7,1,2,3,2017-11-24 18:58:51+00:00
emmapersky/one-click-orgs,2008-12-15 02:40:06+00:00,12402,16,Ruby,18,1,4,6,2017-11-24 19:18:17+00:00
blackwinter/rss2mail,2008-12-19 11:19:35+00:00,690,5,Ruby,5,0,3,1,2017-09-07 03:37:27+00:00
norman/friendly_id,2008-04-18 13:16:06+00:00,3732,5271,Ruby,551,79,72,151,2019-09-25 05:49:59+00:00
imedo/awesome_email,2008-08-05 14:52:26+00:00,138,51,Ruby,6,1,8,2,2017-11-24 19:14:28+00:00
commonthread/xml_magic,2008-08-27 19:15:22+00:00,99,18,Ruby,8,3,5,2,2017-11-24 19:27:38+00:00
jasonroelofs/rbplusplus,2008-04-20 21:39:26+00:00,899,52,Ruby,6,0,4,3,2017-10-15 18:54:47+00:00
jsierles/js_named_routes,2008-05-20 03:36:42+00:00,100,37,Ruby,11,1,6,2,2016-05-08 17:02:29+00:00
jamesgolick/timeline_fu,2008-09-30 21:10:30+00:00,208,427,Ruby,69,12,8,5,2017-08-05 01:43:43+00:00
geokit/geokit-rails,2008-12-19 01:56:49+00:00,306,1378,Ruby,223,64,38,36,2016-11-24 13:50:01+00:00
mattfoster/gnuplot-tmbundle,2008-04-13 17:46:06+00:00,416,17,Ruby,9,1,2,4,2017-02-08 20:46:09+00:00
collectiveidea/audited,2008-02-09 16:14:05+00:00,927,2582,Ruby,520,131,40,100,2019-07-18 18:42:37+00:00
sprinkle-tool/sprinkle,2008-02-26 12:58:26+00:00,891,1173,Ruby,157,20,14,58,2016-11-24 13:52:30+00:00
erikh/ruby-dbi,2008-07-30 06:06:59+00:00,1090,79,Ruby,39,16,6,5,2016-05-27 15:29:34+00:00
ruby/redmine_rd_formatter,2008-10-12 03:29:09+00:00,150,13,Ruby,7,0,6,2,2017-11-24 21:34:51+00:00
rlisowski/open_flash_chart_2_plugin,2008-07-15 07:41:17+00:00,1732,38,Ruby,8,1,3,4,2017-04-17 14:48:10+00:00
elight/acts_as_commentable_with_threading,2008-11-16 14:37:39+00:00,133,662,Ruby,166,17,18,20,2016-11-24 15:05:03+00:00
Caged/lighthouse-digest,2008-05-02 00:22:18+00:00,87,10,Ruby,5,0,1,1,2017-11-24 22:35:21+00:00
assaf/uuid,2008-07-10 20:16:50+00:00,386,442,Ruby,75,13,13,11,2017-04-21 17:09:36+00:00
dfischer/rspec-haml-scaffold-generator,2008-03-10 22:30:02+00:00,213,67,Ruby,11,1,2,2,2017-11-24 19:02:32+00:00
remvee/exifr,2008-07-22 07:44:16+00:00,5753,427,Ruby,61,0,10,15,2019-02-10 12:05:42+00:00
technoweenie/attachment_fu,2008-01-14 14:51:56+00:00,1008,1046,Ruby,308,36,7,24,2016-11-24 15:45:51+00:00
FooBarWidget/paypal,2008-11-01 13:29:52+00:00,188,22,Ruby,9,0,2,1,2017-11-24 19:52:43+00:00
jeremyevans/scaffolding_extensions,2008-04-07 16:19:45+00:00,1216,57,Ruby,6,0,3,4,2017-11-24 19:01:18+00:00
christophermoura/rcumber,2008-11-28 02:12:00+00:00,127,12,Ruby,9,0,1,1,2017-11-24 22:06:23+00:00
attr-encrypted/encryptor,2009-01-07 03:43:44+00:00,110,331,Ruby,48,8,7,7,2016-11-24 15:43:53+00:00
Caged/lighthouse-api,2008-04-30 05:05:04+00:00,208,105,Ruby,36,11,3,10,2017-11-24 18:36:44+00:00
cardmagic/contacts,2008-03-21 23:40:38+00:00,437,617,Ruby,229,35,14,13,2017-04-17 11:16:04+00:00
johnl/news-sniffer,2008-07-23 22:15:02+00:00,7290,37,Ruby,5,3,5,1,2017-11-24 19:41:55+00:00
mrhenry/failtale,2009-01-08 16:36:02+00:00,3506,93,Ruby,13,6,3,2,2017-11-24 19:06:45+00:00
cristibalan/braid,2008-02-03 21:14:46+00:00,574,427,Ruby,33,8,10,16,2018-04-10 11:36:30+00:00
ferblape/query_memcached,2008-08-05 14:43:25+00:00,1913,65,Ruby,8,1,2,3,2018-01-28 13:23:47+00:00
daikini/octave-ruby,2008-04-08 14:12:13+00:00,206,49,Ruby,10,3,2,1,2017-11-24 20:06:39+00:00
ctagg/ebay_shopping,2008-05-12 14:23:41+00:00,189,20,Ruby,6,0,2,0,2017-04-17 11:50:10+00:00
activewarehouse/adapter_extensions,2008-05-16 18:13:20+00:00,164,27,Ruby,21,3,1,6,2016-05-27 17:19:16+00:00
dryruby/sxp.rb,2008-06-26 09:55:56+00:00,164,36,Ruby,8,1,4,4,2019-12-16 21:16:01+00:00
olabini/paipr,2008-09-07 05:53:43+00:00,110,200,Ruby,26,0,10,1,2017-07-19 02:36:36+00:00
maccman/gwo,2009-01-19 17:34:09+00:00,86,18,Ruby,10,0,2,1,2017-11-24 19:42:24+00:00
markcatley/responds_to_parent,2008-05-12 03:00:22+00:00,133,87,Ruby,44,2,3,5,2017-04-17 15:47:27+00:00
azimux/externals,2008-09-01 09:36:54+00:00,622,28,Ruby,5,3,2,4,2017-11-24 19:39:58+00:00
pero-ict-solutions/spree-static-content,2008-12-16 21:40:38+00:00,921,89,Ruby,387,4,3,55,2017-11-24 18:58:59+00:00
jackdempsey/attachmerb_fu,2008-02-21 06:32:29+00:00,123,19,Ruby,5,1,3,2,2017-02-06 16:47:47+00:00
johnreilly/github-fogbugz,2008-04-24 16:39:00+00:00,111,33,Ruby,7,0,2,2,2017-11-24 19:56:46+00:00
RubyMoney/money,2008-10-31 15:05:03+00:00,2405,2230,Ruby,517,30,71,230,2020-01-05 17:09:57+00:00
joshknowles/rspec-on-rails-matchers,2008-03-03 00:34:31+00:00,85,172,Ruby,38,2,3,1,2017-08-15 05:43:05+00:00
shuber/proxy,2008-09-29 20:18:28+00:00,489,101,Ruby,11,2,2,2,2016-11-24 15:48:01+00:00
abhay/calais,2008-01-29 04:10:12+00:00,349,137,Ruby,51,6,6,13,2016-11-24 13:48:46+00:00
mdeiters/semr,2008-05-08 18:50:01+00:00,908,33,Ruby,5,0,2,2,2017-11-24 20:16:18+00:00
vangberg/isaac,2008-10-06 18:06:18+00:00,243,170,Ruby,27,14,5,9,2017-11-24 18:38:02+00:00
wvanbergen/http_status_exceptions,2008-09-20 17:00:06+00:00,1748,29,Ruby,8,1,4,5,2017-04-17 12:50:48+00:00
alexvollmer/daemon-spawn,2009-01-26 23:16:17+00:00,155,183,Ruby,25,1,7,7,2017-04-17 10:05:00+00:00
blackwinter/cmess,2008-12-04 16:20:53+00:00,2903,17,Ruby,6,0,2,1,2016-05-25 13:20:17+00:00
rpheath/form_assistant,2008-10-29 17:41:46+00:00,434,37,Ruby,8,0,1,3,2017-11-24 19:58:24+00:00
ryanb/railscasts-episodes,2008-05-14 06:51:08+00:00,10799,841,Ruby,681,15,50,3,2016-11-24 16:21:43+00:00
steveluscher/bookkeeper,2008-12-03 02:30:44+00:00,102,15,Ruby,5,0,3,1,2017-04-17 16:24:37+00:00
quirkey/restful_query,2009-01-07 22:21:26+00:00,260,25,Ruby,6,3,4,4,2017-04-17 15:48:45+00:00
mislav/contacts,2008-03-16 03:52:46+00:00,593,264,Ruby,71,4,6,3,2017-04-17 14:11:41+00:00
clemens/later_dude,2009-01-14 09:30:25+00:00,210,245,Ruby,24,4,6,6,2016-11-24 13:49:51+00:00
toretore/zippy,2008-07-23 23:56:44+00:00,557,70,Ruby,6,3,5,1,2017-04-17 13:29:16+00:00
zena/zena,2008-08-24 09:35:41+00:00,18030,177,Ruby,18,53,15,5,2017-11-24 18:29:29+00:00
mdarby/scribd_fu,2008-03-25 02:52:31+00:00,803,78,Ruby,40,6,1,12,2017-04-17 13:38:27+00:00
purcell/darcs-to-git,2008-05-05 07:59:31+00:00,125,83,Ruby,19,2,9,17,2017-11-24 19:02:07+00:00
brynary/features2cards,2008-10-26 17:58:02+00:00,135,54,Ruby,6,2,1,2,2017-04-17 11:07:10+00:00
apotonick/apotomo,2008-06-14 20:40:59+00:00,2126,666,Ruby,61,32,24,19,2017-04-17 10:12:19+00:00
georgi/git_store,2008-12-17 00:36:45+00:00,212,178,Ruby,11,1,6,5,2017-04-17 12:54:58+00:00
mbbx6spp/twitter4r,2008-06-26 05:27:19+00:00,37279,89,Ruby,11,5,2,3,2017-05-26 14:38:19+00:00
iwarshak/powermta,2008-06-27 07:41:52+00:00,129,14,Ruby,15,0,5,2,2017-04-17 15:05:49+00:00
rtomayko/date-performance,2008-02-23 11:34:57+00:00,335,79,Ruby,7,3,3,3,2017-04-17 11:55:50+00:00
travisjeffery/timecop,2008-11-07 20:37:52+00:00,298,2557,Ruby,164,57,26,47,2017-07-05 21:22:06+00:00
saturnflyer/radiant-vapor-extension,2008-08-01 04:37:39+00:00,204,29,Ruby,15,1,3,9,2017-04-04 14:51:20+00:00
jsmestad/pivotal-tracker,2008-12-05 18:53:02+00:00,740,360,Ruby,197,28,12,40,2017-09-21 15:23:17+00:00
avdgaag/rspec-caching-test-plugin,2008-04-17 16:46:20+00:00,95,24,Ruby,8,0,3,1,2017-07-22 10:36:38+00:00
stevenbristol/less-js-routes,2009-01-11 22:59:31+00:00,141,43,Ruby,13,2,5,4,2017-11-24 20:08:42+00:00
flogic/autochronic,2008-04-15 06:14:06+00:00,116,16,Ruby,5,0,6,1,2017-11-24 19:15:10+00:00
mattetti/ruby-web-search,2009-01-03 20:08:21+00:00,132,45,Ruby,19,2,7,5,2016-05-13 15:52:11+00:00
mmangino/facebooker,2008-06-25 19:52:12+00:00,2696,976,Ruby,219,32,11,75,2017-11-24 18:40:57+00:00
woods/gravatar-plugin,2009-01-22 02:01:31+00:00,108,54,Ruby,13,1,2,1,2017-04-11 03:04:29+00:00
bterlson/reddit,2008-05-22 22:32:48+00:00,132,25,Ruby,9,1,2,3,2017-04-17 11:06:41+00:00
pat/riddle,2008-04-15 00:46:41+00:00,2469,139,Ruby,66,0,4,37,2020-01-04 00:39:26+00:00
zargony/activerecord_symbolize,2008-04-16 15:11:43+00:00,145,36,Ruby,49,0,2,1,2016-06-18 07:18:03+00:00
face/activity_streams,2008-09-22 23:39:41+00:00,248,174,Ruby,17,1,6,2,2017-11-24 18:34:21+00:00
DrMark/ultrasphinx,2008-03-11 07:31:22+00:00,3528,24,Ruby,7,1,2,1,2017-11-24 19:38:49+00:00
tcocca/acts_as_follower,2008-10-12 20:51:06+00:00,140,766,Ruby,156,49,36,17,2017-07-06 10:18:20+00:00
lukeredpath/session-timeout,2008-08-27 17:59:16+00:00,396,27,Ruby,5,0,1,0,2017-03-02 12:13:44+00:00
jerryluk/rabbitmq-jruby-client,2009-01-27 01:50:33+00:00,1544,36,Ruby,7,1,4,1,2017-11-24 19:39:40+00:00
sevenwire/bootstrapper,2008-08-31 20:39:19+00:00,12,59,Ruby,20,0,5,4,2017-03-02 12:15:36+00:00
stueccles/railsdav,2008-03-23 22:38:54+00:00,90,42,Ruby,12,0,2,1,2017-11-24 19:38:44+00:00
aaronchi/jrails,2008-06-16 22:15:29+00:00,665,711,Ruby,84,10,4,4,2017-11-24 18:31:57+00:00
hanklords/flickraw,2008-11-22 22:29:59+00:00,1812,503,Ruby,93,7,21,31,2019-03-17 11:28:54+00:00
kete/acts_as_licensed,2008-07-10 07:15:51+00:00,32,10,Ruby,6,0,7,0,2017-11-24 21:30:37+00:00
activefx/restful_authentication_tutorial,2008-09-05 04:33:35+00:00,1098,171,Ruby,19,0,2,0,2017-08-15 05:43:01+00:00
jaggederest/acts_as_voteable,2008-07-11 23:30:57+00:00,80,20,Ruby,8,0,1,1,2017-06-09 11:36:38+00:00
fdietz/jwz_threading,2008-08-27 20:29:02+00:00,286,49,Ruby,10,1,3,1,2016-12-15 02:57:14+00:00
manveru/makura,2008-11-21 12:50:48+00:00,1164,28,Ruby,9,2,3,3,2016-05-27 17:31:09+00:00
jimweirich/builder,2008-07-08 21:24:37+00:00,408,313,Ruby,96,15,14,13,2019-12-10 22:05:45+00:00
bcurren/freshbooks.rb,2008-09-26 04:47:36+00:00,492,81,Ruby,61,11,3,17,2017-04-17 12:50:23+00:00
deadprogram/frankie,2008-04-08 23:07:49+00:00,86,141,Ruby,22,1,3,1,2017-11-24 18:33:44+00:00
rmm5t/strip_attributes,2008-05-11 00:46:26+00:00,131,305,Ruby,38,0,7,14,2019-02-24 19:39:55+00:00
tylerhunt/relax,2008-10-09 03:32:10+00:00,188,25,Ruby,5,2,2,2,2016-05-27 14:18:24+00:00
rails/acts_as_list,2008-05-29 20:21:01+00:00,485,388,Ruby,77,14,6,5,2017-04-17 10:02:34+00:00
yob/pdf-reader,2008-06-03 01:11:36+00:00,12934,1332,Ruby,223,64,50,45,2019-11-21 13:08:19+00:00
markbates/cachetastic,2008-04-16 17:59:18+00:00,275,16,Ruby,6,3,4,2,2017-11-24 20:02:51+00:00
schleyfox/ruby_kml,2008-05-26 19:00:57+00:00,189,61,Ruby,31,11,6,5,2017-04-17 15:57:16+00:00
github/request_timer,2008-05-11 04:46:10+00:00,119,11,Ruby,6,0,14,2,2017-11-24 21:34:36+00:00
thoughtbot/sortable_table,2009-01-02 23:11:56+00:00,268,156,Ruby,29,0,45,7,2017-04-17 13:32:07+00:00
omghax/acts_as_configurable,2008-03-25 05:05:53+00:00,103,19,Ruby,7,0,2,1,2017-11-24 19:56:16+00:00
rsim/ruby-plsql,2008-04-19 14:49:12+00:00,621,124,Ruby,59,3,19,16,2017-04-17 12:45:22+00:00
rsanheim/brain_buster,2008-02-12 05:53:53+00:00,208,60,Ruby,16,0,3,4,2017-11-24 18:59:26+00:00
ambethia/recaptcha,2008-04-11 23:01:45+00:00,648,1624,Ruby,368,29,29,110,2020-01-10 15:24:29+00:00
jcoglan/svn2git,2008-05-04 23:29:38+00:00,106,60,Ruby,338,1,3,1,2017-03-04 23:21:40+00:00
technomancy/bus-scheme,2008-02-06 18:28:52+00:00,333,33,Ruby,5,0,3,3,2017-11-24 20:14:50+00:00
arthurnn/memcached,2008-06-11 20:40:22+00:00,15084,432,Ruby,101,12,11,45,2017-11-24 18:40:18+00:00
subwindow/negative-captcha,2008-06-01 16:59:07+00:00,58,759,Ruby,79,11,28,15,2017-04-17 14:40:37+00:00
dylanz/ehcache,2008-06-12 02:43:18+00:00,148576,27,Ruby,10,2,6,3,2017-04-17 13:45:34+00:00
ELLIOTTCABLE/ruby.sugar,2008-11-02 21:45:50+00:00,80,79,Ruby,11,3,2,6,2017-11-24 18:54:25+00:00
topfunky/hodel_3000_compliant_logger,2008-12-22 19:31:13+00:00,215,44,Ruby,14,1,3,9,2017-04-17 13:18:50+00:00
brynary/webrat,2008-03-02 20:09:28+00:00,62141,1576,Ruby,298,22,25,72,2017-04-21 17:03:13+00:00
rails/country_select,2008-09-18 18:59:06+00:00,227,180,Ruby,250,0,6,2,2017-11-24 18:33:53+00:00
josevalim/rails-footnotes,2008-12-18 13:21:16+00:00,586,1450,Ruby,136,17,16,56,2016-11-24 13:52:30+00:00
bjeanes/tab_fu,2008-08-07 07:55:12+00:00,93,25,Ruby,6,0,2,3,2017-11-24 19:23:01+00:00
blackwinter-attic/wirble,2009-01-16 11:41:52+00:00,221,112,Ruby,10,0,4,3,2016-11-24 13:48:18+00:00
up_the_irons/ebay4r,2008-02-02 11:02:50+00:00,464,31,Ruby,6,0,4,2,2017-11-24 19:39:45+00:00
chrislloyd/gravtastic,2008-05-14 02:31:11+00:00,210,599,Ruby,63,4,11,13,2017-04-17 11:08:57+00:00
neo4jrb/neo4j,2008-05-30 10:44:36+00:00,48147,1285,Ruby,257,204,50,95,2019-12-30 19:50:43+00:00
FooBarWidget/daemon_controller,2008-08-21 20:20:11+00:00,201,218,Ruby,13,3,5,6,2017-04-17 11:59:14+00:00
nuex/radiant-polls-extension,2009-01-25 23:24:14+00:00,193,10,Ruby,8,1,4,4,2017-11-25 01:30:12+00:00
xero-gateway/xero_gateway,2008-11-30 23:42:44+00:00,794,118,Ruby,91,14,11,34,2019-03-26 09:48:24+00:00
rkh/mixico,2008-12-30 13:09:19+00:00,167,14,Ruby,7,1,3,3,2017-04-17 14:12:14+00:00
